Area,Perimeter,Shape Factor,ECR,Orientation,Scale Factor,X Coordinate,Y Coordinate,Inertia Tensor XX,Inertia Tensor XY,Inertia Tensor YY,Determinant,Aspect Ratio,Compactness Ratio,area-to-ellipse Ratio,Inertia Tensor/Area XX,Inertia Tensor/Area XY,Inertia Tensor/Area YY
0.0013912247724574595,56.04163056034262,0.9002660163138795,0.021043778153577938,0.9480148063116568,1.3794181955040552,32.36,10.391111111111112,21.492622222222227,-5.761422222222222,17.607032098765433,0,1.36,1.04,0.756850265335755,0.09552276543209878,-0.025606320987654318,0.07825347599451304
0.0051073407202216065,111.01219330881975,0.8422645941030791,0.04032018158882198,-1.4287696371459635,1.3607259503090818,360.80387409200966,16.016949152542374,91.3174668316048,5.939775105675708,50.62683137029588,0,1.2881355932203389,1.0338983050847457,0.7621777406347274,0.11055383393656756,0.00719101102382047,0.06129156340229526
0.0012490106846062526,60.72792206135785,0.688310494818483,0.01993921886281794,1.521989307769202,2.961767892570083,432.84653465346537,10.311881188118813,48.47644838741301,-2.0973679051073417,5.640353886873833,0,1.1584158415841583,1.0396039603960396,0.7697235364463509,0.23998241775947032,-0.010383009431224464,0.02792254399442492
0.006016274238227147,123.88225099390857,0.7967178146889812,0.04376116506699239,1.3556859261100715,1.6608411212813572,189.83761562178827,21.233299075025695,130.351843030054,-17.846722768606444,52.56941532370932,0,1.4974306269270299,1.0349434737923946,0.7523203427614995,0.13396900619738336,-0.018341955568968595,0.0540281760778102
0.0028813810842896713,81.35533905932738,0.8847562962416716,0.030284849099712758,-1.1615330536004749,1.3197433333243502,324.931330472103,18.128755364806867,46.17125016117446,7.6971670135754895,31.76453793586177,0,1.332618025751073,1.0343347639484979,0.7763597588888097,0.09907993596818554,0.016517525780204913,0.06816424449755745
0.003060694499406411,86.8700576850888,0.824280153220997,0.03121296714106829,1.500082247669032,1.6039958685518652,465.53737373737374,17.052525252525253,63.62234057749208,-2.7495520865217853,24.99926129986736,0,1.2525252525252526,1.0484848484848486,0.7775913389941285,0.12852998096463047,-0.00555465067984199,0.05050355818155022
0.0052866541353383464,115.49747468305833,0.8054359340907334,0.04102187558014157,1.5033742786411943,1.9073267690860436,127.51812865497077,18.36374269005848,131.63680585479293,-6.437265483396603,36.739036284668806,0,1.2912280701754386,1.0175438596491229,0.7717243384044189,0.1539611764383543,-0.007528965477656845,0.042969633081483986
0.0034502374356944997,87.84062043356595,0.9087685183010041,0.03313977497604608,1.1729909393356812,1.2618839157387218,500.0448028673835,22.491039426523297,53.23275972816382,-7.490544828560789,38.55457920633084,0,1.3440860215053763,1.0340501792114696,0.7805591860739988,0.09539921098237243,-0.01342391546337059,0.06909422796833484
0.0005255738029283736,36.72792206135786,0.7918375147730989,0.012934269882421376,-1.3578803363943661,2.219292598940339,408.7294117647059,17.91764705882353,14.950311418685123,2.551695501730104,3.699100346020762,0,1.411764705882353,1.0823529411764705,0.7605479950251981,0.1758860166904132,0.030019947079177697,0.04351882760024426
0.0004019093787099327,29.65685424949238,0.9286948881062421,0.011310690898143964,-1.5490813562275583,2.0187860017878934,255.56923076923076,18.46153846153846,10.39905325443787,0.17041420118343195,2.556213017751478,0,1.1076923076923078,1.0461538461538462,0.7883794845267436,0.15998543468365956,0.0026217569412835683,0.03932635411925351
0.005261921250494658,115.59797974644667,0.8002744207914629,0.04092580548203082,1.3310331651745393,1.6466342753553338,64.81786133960047,30.654524089306697,110.21476910415751,-16.639778183128733,46.21672160077105,0,1.300822561692127,1.0411280846063455,0.7663488762865773,0.12951206710241775,-0.019553205855615433,0.05430872103498361
0.0004019093787099327,29.414213562373096,0.9440798711220234,0.011310690898143964,1.542524608322488,1.8486775372797313,92.92307692307692,21.53846153846154,9.763313609467454,-0.1952662721893491,2.8639053254437856,0,1.0153846153846153,1.0,0.7687971020755605,0.15020482476103775,-0.0030040964952207554,0.0440600819299044
0.003128709932726553,89.11269837220809,0.8007209506721288,0.03155787227599929,1.553416496618208,1.6210937818969224,433.55731225296444,28.0,66.26647815150993,-0.7134387351778655,25.233201581027668,0,1.3043478260869565,1.0434782608695652,0.7735057041780069,0.13096141927175875,-0.0014099579746598132,0.04986798731428393
0.0037161159477641474,95.39696961966999,0.8298797697483364,0.0343929708571181,1.333204445310724,1.2996692904250133,160.81031613976705,34.75873544093178,64.53639940088762,-6.162222695950458,40.58239041420152,0,1.5723793677204658,1.0282861896838602,0.7393579298097663,0.10738169617452183,-0.01025328235599078,0.06752477606356326
0.00917590027700831,155.29646455628165,0.7732512440269595,0.054044239034408914,-1.3763480277281748,1.5889795677040257,228.72911051212938,40.51078167115903,188.71368087997047,22.105569924659097,80.81996461810073,0,1.4070080862533694,1.0586253369272238,0.7633505239881834,0.1271655531536189,0.014895936606913138,0.05446089259979833
0.0011438959240205777,51.55634918610404,0.8746157211776229,0.019081755196550768,1.4034605742094595,1.4809272936640996,269.03783783783786,30.01081081081081,21.744514243973704,-1.9725639152666177,10.399883126369614,0,1.2648648648648648,1.0756756756756756,0.7755886567306242,0.11753791483229029,-0.010662507650089826,0.056215584466862784
0.004099475662841314,95.84062043356595,0.9070352376813764,0.03612344988580463,-1.3853718550951817,1.2775466819728323,399.46455505279033,37.847662141779786,66.93652646114718,4.7603015681269625,42.45190629912483,0,1.2941176470588236,1.0392156862745099,0.780462362066676,0.10096007007714507,0.0071799420333740005,0.06403002458389868
0.013102245745943807,185.4386001800126,0.7743557725015929,0.06457998414480627,1.2666541650448915,1.7314222571336253,116.97451628126474,51.01085417649835,278.51846336913087,-56.406128421675774,116.51757921375201,0,1.4228409627182634,1.0542708824917413,0.7740959974474267,0.13143863301988243,-0.026619220585972523,0.05498705956288439
0.004390087059754649,102.08326112068522,0.8561682960773861,0.03738192226635001,-1.5157671775178543,1.524386747815796,300.1915492957746,40.0056338028169,86.54922436024597,2.712346756595914,37.45912318984326,0,1.3380281690140845,1.0394366197183098,0.7802275460305442,0.12190031600034644,0.003820206699430865,0.05275932843639896
0.007215819153146023,133.53910524340094,0.8223634429125678,0.04792563586808971,-1.215719722177282,1.58097725112812,465.29905741216794,45.528706083976004,138.3552947413483,29.17182384173746,70.4976763891918,0,1.4567266495287061,1.0377035132819195,0.7730173398815753,0.11855637938418878,0.02499727835624461,0.06040931995646255
0.002498021369212505,95.59797974644667,0.5555124543848711,0.02819831373892257,-1.3388146628067419,2.7801211648121624,363.55445544554453,38.757425742574256,88.66782668365848,18.105602391922357,16.302543868248218,0,1.603960396039604,1.1237623762376239,0.7552645280642705,0.21947481852390713,0.04481584750475831,0.04035283135705005
0.0006554214483577365,39.55634918610404,0.8513013562557407,0.014443930442548051,1.5629092704297356,1.6816755651040938,334.0660377358491,35.72641509433962,14.646582413670343,-0.07467070131719492,5.179868280526877,0,1.2735849056603774,1.0849056603773586,0.7606315476603065,0.13817530578934287,-0.000704440578464103,0.04886668189176299
0.008106203007518797,155.39696961967,0.6822247406209967,0.05079650142190907,-0.6417625037588071,1.136889497760241,502.2745995423341,60.34782608695652,103.95968281064815,13.198487712665415,111.7584983252081,0,1.4431731502669718,1.0968726163234173,0.7659323410703791,0.07929800366944939,0.01006749634833365,0.08524675692235553
0.0026897012267510885,84.76955262170047,0.760710373685809,0.02926018611279739,-1.4611795946145563,1.3892312314818769,265.91494252873565,50.08965517241379,48.84104108865107,2.57398335315101,25.736789536266354,0,1.4,1.07816091954023,0.768859858726559,0.11227825537620935,0.005917203110691977,0.05916503341670426
0.0009027502967946182,48.14213562373095,0.7916113560981526,0.016951529259187154,-1.422779283538215,2.0497972462017713,424.8835616438356,47.657534246575345,24.048085944830174,2.717958341152186,6.225182961155939,0,1.3013698630136987,1.0616438356164384,0.7649011986104838,0.16471291743034366,0.018616153021590316,0.04263823945997219
0.0022754254056193113,75.698484809835,0.8070181631988501,0.026912643903607626,-1.3821221266892403,1.6940685918632314,329.29347826086956,52.182065217391305,49.451913988657836,6.075171313799622,18.79565660444234,0,1.2934782608695652,1.0625,0.7698495225112063,0.13438020105613543,0.01650861770054245,0.0510751538164194
0.004235506529481599,105.25483399593905,0.776991618876728,0.036717892114471795,-1.5454041824525393,2.026501117027823,59.792700729927006,56.59562043795621,112.5789248228462,2.162659704832436,27.48173264425382,0,1.3489051094890512,1.037956204379562,0.7702797884637359,0.1643487953618193,0.0031571674523101258,0.04011931772883769
0.0034997032053818754,92.5269119345812,0.8307878937361116,0.0333764906630723,-1.3783907526274415,1.4874395458993184,170.952296819788,58.29681978798587,66.8758162793892,7.01940965675686,32.21225137035048,0,1.314487632508834,1.0441696113074206,0.7710378747603954,0.11815515243708338,0.012401783845860177,0.05691210489461215
0.005237188365650969,115.25483399593904,0.8012627906505734,0.04082950933569289,-1.473808067948157,1.5717629852695068,365.23848878394335,60.86304604486423,108.88291058517527,6.281387604560311,44.93283747485743,0,1.3388429752066116,1.0484061393152302,0.7599061671869339,0.12855125216667682,0.00741604203608065,0.0530493948935743
0.0014097744360902255,57.798989873223334,0.8576383921995465,0.021183605460277467,1.0785235880597805,1.4826885856174266,198.91228070175438,57.98245614035088,24.220375500153885,-6.261618959679901,15.903200984918437,0,1.3333333333333333,1.0614035087719298,0.7661139436280858,0.10622971710593809,-0.027463241051227636,0.06975088151280016
0.003202908587257618,87.94112549695427,0.8416966228733646,0.0319298836181258,-0.8420377344143296,1.455080147475197,398.6332046332046,65.9034749034749,46.68399397743026,15.977489900269823,43.04859796365589,0,1.3513513513513513,1.0424710424710424,0.7729393721721668,0.09012354049696962,0.030844575097045992,0.08310540147423916
0.0055092500989315394,113.84062043356596,0.8639588546964253,0.04187658978413758,-1.3509770909037389,1.5531830358147114,292.7800224466891,68.67003367003367,108.0099712677341,13.842506622529074,49.14813681143649,0,1.2570145903479237,1.0291806958473626,0.7784941727406457,0.12122331230946588,0.015535922135273933,0.05516064737534959
0.004198407202216067,97.25483399593904,0.9021053210731844,0.03655673014221326,-1.3832042319048217,1.278541997328951,430.4226804123711,68.42857142857143,68.52089944278275,4.941089837997056,43.428992215442875,0,1.3019145802650958,1.0382916053019147,0.78115511808438,0.10091443216904676,0.007277010070687858,0.06396022417590998
0.00047610803324099724,31.556349186104043,0.9716885450990361,0.012310560258255115,0.9459501134337034,1.6324258637522115,88.85714285714286,65.54545454545455,7.888682745825603,-2.9740259740259742,5.910271546635185,0,1.4285714285714286,1.0649350649350648,0.7829662841611191,0.10245042527046239,-0.038623713948389274,0.07675677333292448
0.0061275722200237435,125.59797974644665,0.7894383333151276,0.04416408966500629,1.5552417691184846,1.1828266552371887,226.47325933400606,76.13521695257316,94.52577333234225,-0.41935746644115873,67.57404735454615,0,1.2593340060544904,1.0696266397578205,0.7749872631416859,0.09538423141507796,-0.0004231659600818958,0.06818773698743305
0.0017313019390581717,64.38477631085024,0.8487924600309809,0.023475317317799622,1.269136492537059,1.5965054286970741,257.50714285714287,69.12142857142857,34.67852040816327,-6.316989795918369,16.342397959183675,0,1.2571428571428571,1.0392857142857144,0.7624379804917836,0.12385185860058312,-0.022560677842565602,0.05836570699708455
0.011315294815987337,214.65180361560903,0.49910494154564083,0.06001474989544625,1.1683945312006128,2.435878205921492,355.4185792349727,87.28524590163934,397.60949087760173,-136.5428970706799,134.92191346412253,0,2.2016393442622952,1.3010928961748633,0.6113402612373919,0.21727294583475504,-0.07461360495665569,0.07372782156509428
0.005150623268698061,107.74011537017762,0.9017787412057326,0.040490669374991364,1.3439676171263408,1.1561740085405225,465.08643457382954,81.015606242497,76.13178476672782,-4.25675432237721,58.670824872566044,0,1.3325330132052822,1.027611044417767,0.7805731365621089,0.09139469959991335,-0.005110149246551273,0.07043316311232418
0.0067891768895924015,132.3259018078045,0.787993217339637,0.046487225374373324,-1.2959999537960945,1.5108607313085844,65.39708561020036,84.26138433515483,127.83868003092225,19.57100507297588,63.93805345702236,0,1.2987249544626593,1.0455373406193078,0.7774871531939104,0.11642867033781626,0.017824230485406083,0.0582313783761588
0.003184358923624852,85.698484809835,0.8811925284449734,0.031837288303926965,-1.3909679860409943,1.4415453783707866,189.10679611650485,79.42135922330097,58.40218682250922,5.421698557828256,29.564203977754744,0,1.2388349514563106,1.0349514563106796,0.7813007825383909,0.11340230450972665,0.010527570015200497,0.05740622131602863
0.001774584487534626,67.4558441227157,0.7925973175300253,0.02376694734816963,1.3462897647402143,1.4536577440896348,158.96864111498257,78.06271777003484,32.992047979215485,-3.8730468987118942,16.915927108499552,0,1.362369337979094,1.0766550522648084,0.7697076031119162,0.11495487100771946,-0.013494936929309736,0.05894051257316917
0.0005441234665611396,33.31370849898476,0.9964294930986728,0.013160542493035991,1.2088254711159907,1.1165691410135044,99.01136363636364,77.63636363636364,7.670325413223142,-0.5154958677685951,6.50413223140496,0,1.25,1.0568181818181819,0.7807659304732538,0.08716278878662662,-0.00585790758827949,0.07391059353869273
0.005991541353383458,118.66904755831214,0.8646865977063024,0.043671121422067506,1.435224388526161,1.4198378149210695,127.8844169246646,89.00206398348813,109.7100667652863,-7.472890780341247,55.94633216928074,0,1.2425180598555212,1.0247678018575852,0.7765679331446623,0.11321988314271032,-0.00771196158961945,0.057736152909474446
0.0014468737633557577,58.62741699796952,0.8555082469938732,0.02146052708896229,-1.5437117981470867,1.5826497889007052,408.5,86.04273504273505,29.942307692307693,0.48717948717948695,11.972532690481405,0,1.3162393162393162,1.0555555555555556,0.7726877724578406,0.12795857988165682,0.002081963620425158,0.0511646696174419
0.0029864958448753464,85.94112549695427,0.8217787764761433,0.030832306959918444,-1.447140126555712,1.8162464306131827,261.17391304347825,89.96066252587991,69.78341884958144,6.015933027275185,22.12888734573856,0,1.2981366459627328,1.049689440993789,0.777357889595294,0.14447912805296365,0.01245534788255732,0.04581550175101151
0.00017313019390581717,17.65685424949238,1.1286030800767899,0.007423547151944162,1.327295166268985,1.5228042004538238,523.9285714285714,83.82142857142857,3.2806122448979593,-0.451530612244898,1.5752551020408165,0,1.25,1.0714285714285714,0.7854627716550112,0.11716472303206997,-0.01612609329446064,0.056259110787172016
0.004309705184012663,107.01219330881975,0.7648497187566732,0.03703811235212674,1.371833340952638,1.47523314559257,301.9540889526542,95.67144906743185,85.29774870370868,-9.125518465075782,41.879141802642614,0,1.4461979913916787,1.048780487804878,0.7375087903495252,0.12237840560072981,-0.013092565947024078,0.06008485194066372
0.003957261574990107,100.18376618407356,0.8012999765483616,0.035491343754986075,-1.530123136929517,1.5523958344747206,500.7859375,93.565625,80.02136474609374,1.9039208984375005,33.31444335937499,0,1.35,1.05625,0.7752400498870649,0.12503338241577147,0.0029748764038085946,0.05205381774902342
0.003351305896319747,86.32590180780451,0.9139593975273906,0.032661197137040236,1.1702094897944304,1.2885361686837764,436.7361623616236,96.68634686346863,52.69238232050218,-8.009497419697448,37.17099440367098,0,1.429889298892989,1.0313653136531364,0.7782779514753354,0.09721841756550219,-0.014777670516046951,0.06858117048647783
0.004000544123466562,101.1543289325507,0.794593847721668,0.035684909200022825,1.2042780673368247,1.1602038500239025,95.96908809891808,101.76352395672333,59.220064547107214,-5.267805995571045,47.51904044107985,0,1.5239567233384854,1.061823802163833,0.7660691181017035,0.09153023886724454,-0.008141894892690951,0.0734451938811126
0.002943213296398892,89.35533905932738,0.7491621072388884,0.030608069024218934,0.981151835632582,1.3537043298218312,333.74789915966386,101.09453781512605,45.196949367982505,-11.04063978532589,36.08139873596499,0,1.365546218487395,1.084033613445378,0.7658797119486916,0.09495157430248426,-0.023194621397743465,0.07580125784866594
0.004476652156707559,105.84062043356593,0.8121638899973291,0.03774867730776807,-1.4366750674103343,1.7061492522721386,164.97513812154696,102.10911602209944,98.88335978755227,8.704469491163271,35.54748595891456,0,1.3259668508287292,1.048342541436464,0.7715860568916121,0.1365792262259009,0.012022747915971368,0.049098737512312925
0.0015334388603086664,62.970562748477136,0.7859345770446,0.022093183317364054,-1.4297496133675773,1.7483250951042233,200.5241935483871,97.62903225806451,34.87038241415192,3.309573361082206,12.031737773152965,0,1.2983870967741935,1.0725806451612903,0.7668025854351066,0.14060638070222548,0.013345053875331475,0.04851507166593937
0.0020219133359715077,70.2842712474619,0.8318429196178745,0.025369174283893813,-1.4885839637164626,1.994116674698023,30.067278287461775,102.4434250764526,52.38691094090472,3.2255515341955867,13.506738115946098,0,1.2844036697247707,1.033639143730887,0.7740299569380144,0.16020462061438753,0.009864071970017084,0.041305009528887146
0.00239290660862683,78.87005768508881,0.7818015229588087,0.027598656312227354,-1.5109663552524877,2.086843333855506,229.05426356589146,102.58397932816537,65.35881257135988,3.0136009454560027,15.23002757580006,0,1.2403100775193798,1.0335917312661498,0.7701562076528355,0.16888582059782914,0.00778708254639794,0.03935407642325597
0.011939800158290463,173.92388155425118,0.8021834529568852,0.06164865310323205,-1.3754954810175266,1.2893298741295216,399.33972035214913,118.90212325220094,202.1569878037236,15.567992156107623,126.53987638253028,0,1.476954945624029,1.0491973070947695,0.7581782897301667,0.10469030958245655,0.008062139904768319,0.0655307490329002
0.007432231895528295,133.49747468305833,0.8475556647234778,0.048639005836439035,1.5080833178131186,1.4510727928510425,471.59151414309486,116.11647254575708,139.21500286544062,-4.58168720463122,66.54051068518635,0,1.2512479201331115,1.0257903494176372,0.781431718168305,0.11581946993797057,-0.003811719804185707,0.05535816196770911
0.014784081915314603,197.78174593052023,0.7680986953990474,0.06859970431274197,1.2710024381961216,1.66986880781177,280.469677959013,124.2810539523212,303.3013599548425,-58.13942969951625,133.18658793142626,0,1.3759933082392304,1.0388958594730238,0.7767261038031916,0.12685125886860832,-0.024315947176711105,0.055703299009379446
0.0044457360506529485,107.49747468305833,0.7818838278161608,0.037618103836936215,1.2573162374014442,1.9152073605752564,67.02642559109874,115.86509040333797,103.50277873959543,-23.725400949007764,38.00544335065895,0,1.4255910987482614,1.0445062586926286,0.7740055376714727,0.14395379518719809,-0.0329977760069649,0.05285875292163971
0.0028813810842896713,83.698484809835,0.8359120554113414,0.030284849099712758,1.555029012735376,1.8962693789886558,127.78540772532189,116.04291845493562,70.94107461916778,-0.8074932306728806,19.744939122105762,0,1.203862660944206,1.0300429184549356,0.7783774750609875,0.15223406570636863,-0.001732818091572705,0.042371113995935114
0.0013479422239810052,59.45584412271571,0.7749563814850886,0.020713844063758893,-1.5604634281924055,1.9270423196287447,196.1743119266055,113.10091743119266,34.52924837976601,0.26071037791431684,9.30174227758606,0,1.3211009174311927,1.0504587155963303,0.7603381044704357,0.15839104761360556,0.0011959191647445727,0.04266854255773422
0.002349624060150376,77.11269837220809,0.8030482863655861,0.027347917053427713,1.320172439452985,1.6159631107203605,329.60526315789474,122.16578947368421,49.55470914127423,-7.636495844875351,21.680408587257624,0,1.4,1.0526315789473684,0.7450853350015874,0.13040712931914272,-0.020096041697040396,0.0570537068085727
0.0009954986149584488,50.970562748477136,0.7787478901318566,0.017801040723046085,1.4019969625980546,2.035594637502013,35.15527950310559,118.79503105590062,26.51626094672274,-3.404498283245245,7.119478415184598,0,1.3664596273291925,1.0869565217391304,0.7559353389299132,0.1646972729610108,-0.021145952069846242,0.044220362827233524
0.00596680846853977,123.84062043356593,0.7906985440331395,0.04358089173595892,1.5125025365837732,1.7647471751067305,225.84974093264248,126.70880829015545,138.8965931971328,-5.497178447743566,45.0229794088432,0,1.239378238341969,1.0476683937823834,0.764533081721425,0.1439342934685314,-0.005696557976936338,0.046655937211236474
0.002244509299564701,70.04163056034261,0.9298309403855044,0.026729188159816973,0.32483613309088033,1.1583301017906062,437.07162534435264,124.71900826446281,26.18219763373783,-2.61516745213214,33.06704915420167,0,1.2121212121212122,1.0330578512396693,0.774119541574888,0.07212726620864415,-0.007204318049950799,0.09109379932286961
0.00968910763751484,163.88225099390854,0.7331874447372382,0.05553502272728306,1.2756069162563417,1.9455609567923349,175.1174218251436,134.13784301212507,230.42909660764116,-50.3271454280593,80.22222457522719,0,1.4403318442884492,1.059349074664965,0.7754106033912128,0.14705111461878823,-0.03211687646972514,0.051194782753814415
0.0006677878907795805,38.72792206135786,0.9048679963998572,0.014579557178081985,1.5448343145007775,1.4830799577112548,100.63888888888889,122.94444444444444,12.971450617283953,-0.1836419753086419,5.9043209876543195,0,1.2962962962962963,1.0648148148148149,0.7714719829320424,0.12010602423411067,-0.0017003886602652027,0.054669638774577034
0.0067829936683814806,142.5685424949238,0.6782176256132888,0.046466051506103695,1.369248709400364,1.3554145044280708,360.65451230628986,141.28623518687328,120.72567015869086,-10.990413068208722,69.18151517896243,0,1.5423883318140383,1.0911577028258888,0.7557100255935891,0.11005074763782212,-0.010018608084055353,0.06306428001728571
0.0010820637119113574,55.55634918610404,0.7124928572692699,0.018558867879860406,1.472410314920872,1.9077251487467235,55.48571428571429,132.57714285714286,28.48979591836735,-2.0339591836734683,8.084048979591836,0,1.44,1.0914285714285714,0.7272686840966498,0.16279883381924198,-0.011622623906705534,0.04619456559766764
0.003839780371982588,102.76955262170047,0.7388776539581348,0.03496054995529291,1.4861213697794655,2.2240348380312285,124.38647342995169,137.3816425120773,111.05514714462416,-7.509510140259979,23.218278139513174,0,1.285024154589372,1.0418679549114331,0.7728390203185646,0.17883276512821925,-0.012092608921513655,0.03738853162562508
0.00031534428175702413,27.65685424949238,0.8378658277656728,0.010018842369994028,1.4490474611840354,2.5112326489808754,90.29411764705883,132.15686274509804,10.050749711649367,-1.0322952710495963,1.7400999615532489,0,1.1764705882352942,1.0588235294117647,0.7865294952206139,0.19707352375783072,-0.020241083746070514,0.03411960708927939
0.00030297783933518004,26.82842712474619,0.8554911480116613,0.009820429805003037,-1.5292361575516062,2.1205918563551873,496.16326530612247,134.18367346938774,8.503956684714703,0.2748854643898375,1.9050395668471478,0,1.1224489795918366,1.0408163265306123,0.7626561350857711,0.17355013642274905,0.005609907436527296,0.03887835850708465
0.003895429362880886,100.76955262170046,0.7796357628925211,0.03521297597669943,1.549992791693273,1.648787575698788,463.17301587301586,144.43809523809523,85.84784328546235,-1.1289644746787595,31.61124716553289,0,1.3507936507936509,1.0555555555555556,0.7560265857014857,0.1362664179134323,-0.0017920071026646977,0.05017658280243316
0.001490156311832212,60.97056274847714,0.8146789586261077,0.021779152555032273,1.0873035036882097,1.2522271286748934,326.9792531120332,143.13278008298755,22.74230815585131,-3.679103321223808,17.667016752466388,0,1.3402489626556016,1.099585062240664,0.7644334534070851,0.09436642388320045,-0.015265988884746092,0.07330712345421737
0.012576671943015432,180.8528137423857,0.7814663331430756,0.06327147078069321,-1.3730850983130416,1.6527926916796514,75.19567354965585,157.09390363815143,264.90271481181753,33.154067673541924,106.04575437812844,0,1.4277286135693215,1.056047197640118,0.7737639243943895,0.13023732291633114,0.016299934942744308,0.05213655574145941
0.0019415314602295212,70.04163056034261,0.8043165710221717,0.024859779929193013,-1.3517764366873175,1.827244263719925,426.54458598726114,145.7388535031847,44.986865592924666,6.911923404600592,15.473203781086456,0,1.3248407643312101,1.0541401273885351,0.7707547511990982,0.14327027258893205,0.022012494919110167,0.04927771904804604
0.005082607835377919,171.29646455628165,0.35203422063124445,0.04022243555027453,-0.09557691260228902,1.6896463765080423,493.80048661800487,161.73479318734792,47.44194623522238,8.22079551979919,132.4041179012674,0,1.5875912408759123,1.2226277372262773,0.6517315443366279,0.05771526305988124,0.010000967785643782,0.16107556922295305
0.0028628314206569053,94.87005768508881,0.6464464066794289,0.03018720827888328,-1.4872555720606326,2.4633522525564557,228.01943844492442,149.05183585313176,92.61517290279842,6.469690113775778,15.893641338066606,0,1.2786177105831533,1.062634989200864,0.7651955263436033,0.20003277084837673,0.013973412772733862,0.03432751908869677
0.0024485555995251286,75.94112549695427,0.8628811687605838,0.027917726522758386,0.9247712302911799,1.2650034852340977,260.29040404040404,153.93939393939394,34.948493776145284,-7.292852770125498,30.774104683195596,0,1.393939393939394,1.0454545454545454,0.7740716426152147,0.08825377216198305,-0.01841629487405429,0.07771238556362524
0.0004204590423426988,31.656854249492376,0.8526744766513165,0.011568762678568961,1.0791225564725457,1.6838617515132217,402.52941176470586,148.89705882352942,8.16089965397924,-2.5692041522491347,4.7394031141868505,0,1.3235294117647058,1.088235294117647,0.7503988698785066,0.12001323020557705,-0.03778241400366374,0.06969710462039486
0.0024609220419469727,82.62741699796953,0.7325623307917125,0.027988137041956233,-1.4068668083856755,2.0100645209962553,26.821608040201006,154.80904522613065,64.45310093179465,7.968738163177696,17.596702103482237,0,1.3241206030150754,1.0628140703517588,0.7602160797244446,0.1619424646527504,0.020021955183863557,0.044212819355483005
0.008161851998417095,146.71067811865476,0.7706556136786424,0.050970561902583436,1.5377821335724877,1.7056232773614701,301.95075757575756,163.66590909090908,181.9074236685032,-3.9411243112947703,62.70429235537189,0,1.4424242424242424,1.0469696969696969,0.772993781229679,0.13780865429432063,-0.002985700235829371,0.047503251784372647
0.0038459635931935104,100.76955262170047,0.7697356262208698,0.034988687223393065,1.319026341797229,1.957024073908888,167.17684887459808,161.2427652733119,93.93335470063379,-17.550314823047735,30.2192000703053,0,1.3681672025723473,1.045016077170418,0.7727884081514371,0.1510182551457135,-0.02821594022998028,0.04858392294261302
0.004421003165809259,104.76955262170046,0.8185509690263333,0.03751331782883145,-1.2517611264566961,1.635334895093507,126.9958041958042,162.3020979020979,88.78180057704532,17.64069049831287,41.203841752652956,0,1.2937062937062938,1.0377622377622377,0.7724332734908408,0.12417035045740604,0.024672294403234783,0.05762775070301113
0.014029728927582112,190.50966799187808,0.7856159996186556,0.0668266520044817,-0.9768064800118503,1.6548857997925634,373.5165271044513,178.27589246364036,243.3347863523945,89.4351458648685,171.30687144899122,0,1.4667254297047156,1.0431908329660644,0.7726592606787709,0.10724318481815535,0.039416106595358526,0.07549884153767793
0.0067829936683814806,134.5685424949238,0.7612536612232971,0.046466051506103695,-1.4640302681701869,1.8698493560200338,435.2196900638104,168.38650865998176,164.37744274805993,12.537054318191073,48.74213338939628,0,1.3746581586144029,1.04922515952598,0.7735982861116953,0.14984270077307196,0.011428490718496876,0.044432209106104174
0.0011315294815987338,54.384776310850235,0.7775104961644036,0.018978330287496226,1.5065776531122572,1.5721454155592869,201.21311475409837,161.0,23.7305383857386,-0.907103825136612,9.683060109289617,0,1.453551912568306,1.1092896174863387,0.7558749944699091,0.12967507314611257,-0.004956851503478754,0.052912896772074405
0.0008409180846853977,44.14213562373095,0.8770858222311052,0.01636070107990792,0.6115773895136226,1.1148794261545945,340.5367647058824,161.74264705882354,10.763354238754323,-1.1381379757785466,11.588181228373703,0,1.338235294117647,1.1029411764705883,0.7650757592248923,0.0791423105790759,-0.00836866158660696,0.08520721491451252
0.003648100514444005,103.01219330881976,0.6986901285346938,0.0340767730212193,-1.4013443846478013,1.7683450442356763,232.36610169491524,168.9542372881356,84.04224073542088,9.69002585463947,29.06400746911809,0,1.4423728813559322,1.0915254237288134,0.7608824063247237,0.14244447582274725,0.016423772634982153,0.049261029608674727
0.0004204590423426988,28.485281374238568,1.0531197300295014,0.011568762678568961,-1.494077859946888,1.3185783463253173,471.4264705882353,164.13235294117646,7.156358131487891,0.23291522491349484,4.1442474048442905,0,1.1764705882352942,1.0441176470588236,0.7811197637957822,0.10524056075717486,0.003425223895786689,0.06094481477712192
0.003709932726553225,93.59797974644667,0.8606531540813072,0.034364345824395924,1.4718058834776446,1.6877032664932945,31.463333333333335,177.31166666666667,81.31198888888888,-5.222261111111112,29.247863888888897,0,1.26,1.03,0.7734129173414604,0.13551998148148145,-0.00870376851851852,0.04874643981481483
0.0022692421844083895,80.18376618407356,0.7173036262630644,0.026876052936443087,-1.0826021153423264,2.25034256620376,256.6730245231608,179.66212534059946,55.17919057978009,22.27668926192934,25.062952431156223,0,1.6348773841961852,1.0708446866485013,0.7702950451316848,0.1503520179285561,0.06069942578182382,0.06829142351813684
0.00657276414721013,135.29646455628165,0.729743494816615,0.04574030834626453,1.4126180908652979,1.8726650998914296,156.173095014111,185.4346190028222,159.50343416500803,-18.056472345701522,49.18457763000578,0,1.5456255879586076,1.0620884289746002,0.7661805724786253,0.15005026732361998,-0.016986333344968504,0.04626959325494429
0.00236199050257222,77.45584412271572,0.8001379042239478,0.0274197908095769,1.4613553780449529,2.0579019728019294,198.3848167539267,178.4371727748691,62.8911830816041,-5.2637057646446115,15.565424467531042,0,1.2172774869109948,1.031413612565445,0.774109831006071,0.16463660492566518,-0.013779334462420448,0.04074718446997655
0.0034007716660071226,92.08326112068524,0.8151005209875911,0.03290135623258998,-1.437185222645688,1.5632647574391665,465.4672727272727,184.3309090909091,70.90347438016528,5.589170247933885,30.072317355371897,0,1.4636363636363636,1.04,0.7499467171123403,0.12891540796393686,0.010162127723516155,0.054676940646130726
0.005682380292837357,117.39696961966999,0.8379374528253685,0.04252949358111467,1.5605034361414512,1.4104319645710177,96.83569096844396,187.66811751904243,104.99041277065832,-0.5374164802779201,52.78539264777796,0,1.4167573449401523,1.0413492927094667,0.771569667035878,0.1142441923510972,-0.0005847839828921873,0.057437859246766004
0.002813365650969529,95.45584412271572,0.6275035913088048,0.029925275272810723,-1.1442221257656928,2.0576289844290683,326.2769230769231,183.73626373626374,67.42221470836857,22.315976331360954,28.462311315058564,0,1.5472527472527473,1.1120879120879121,0.7543901608956529,0.1481806916667441,0.049046101827166934,0.06255453036276608
0.0008347348634744758,41.798989873223334,0.9709839679958463,0.016300440466018164,-0.8375935889134647,1.3201725603590908,405.53333333333336,184.47407407407408,11.597037037037039,3.0380246913580256,10.960438957475994,0,1.348148148148148,1.0444444444444445,0.7771333073635938,0.08590397805212621,0.02250388660265204,0.0811884367220444
0.0077784922833399285,153.63961030678928,0.669705878756968,0.04975912974913676,-1.239725795098761,1.9940317642016887,277.38632750397454,198.11128775834658,187.8825475620575,46.94283453939303,67.44548466918242,0,1.5135135135135136,1.0786963434022259,0.7684660004021394,0.1493501967901888,0.037315448759453924,0.05361326285308619
0.0030483280569845667,86.76955262170047,0.8228526398619407,0.031149846819360335,1.4761310621219448,1.4135410918571207,503.5111561866126,192.85192697768764,58.18091002225888,-2.7470880357458793,29.509514542335086,0,1.3995943204868153,1.0466531440162272,0.745267548769075,0.11801401627233038,-0.00557218668508292,0.05985702746923953
0.002782449544914919,79.94112549695427,0.8848748687823784,0.029760396468360567,1.1072251677294316,1.411123552780104,62.388888888888886,194.63333333333333,46.15320987654321,-10.204814814814814,30.84111111111111,0,1.3066666666666666,1.0333333333333334,0.7743269346333244,0.10256268861454046,-0.022677366255144032,0.0685358024691358
0.003159626038781163,90.18376618407356,0.7895398015062668,0.031713407334876105,1.2915646890175756,1.8716686856775284,431.6771037181996,195.95890410958904,73.49847771722688,-14.7127576870493,26.403399190413637,0,1.3972602739726028,1.0469667318982387,0.7691554089352937,0.1438326374114029,-0.02879208940714149,0.05167005712409714
0.0022692421844083895,74.76955262170047,0.8249476013515029,0.026876052936443087,1.2523599524762552,1.649920376074058,129.35967302452315,199.45231607629427,47.35292414376825,-9.49671465375792,21.675519158951367,0,1.449591280653951,1.0381471389645776,0.7496509001010747,0.1290270412636737,-0.025876606685988884,0.05906136010613452
0.0034007716660071226,89.01219330881975,0.8723154181285692,0.03290135623258998,-1.1674646273788463,1.29980099103321,233.16727272727272,201.6727272727273,53.906565289256214,8.474347107438016,37.663801652892566,0,1.3709090909090909,1.0418181818181818,0.7767470814358375,0.09801193688955676,0.015407903831705483,0.06847963936889558
0.0024671052631578946,81.35533905932738,0.757548845923663,0.028023275959802068,1.3447395254225665,1.580856995711164,204.09774436090225,197.937343358396,53.73230067650329,-7.259257165470067,23.838179408420814,0,1.5037593984962405,1.0601503759398496,0.7115760131853593,0.1346674202418629,-0.018193626981127985,0.05974481054742058
0.004835278986941037,111.25483399593904,0.7939238286811391,0.03923158299125943,-1.5116532121446915,1.6323022986313507,29.774936061381073,204.2225063938619,105.02351502148734,3.879589353811133,39.73309960034275,0,1.3427109974424551,1.0434782608695652,0.7579698206788682,0.13430117010420375,0.004961111705640835,0.05080959028176822
0.005657647407993668,142.71067811865476,0.5645702880043579,0.04243683662228469,1.2477403694848053,2.857954846790928,410.34754098360656,210.2830601092896,204.40817701334768,-59.24151572158023,47.28709008928304,0,1.901639344262295,1.1530054644808743,0.7288545118891836,0.22339691476868598,-0.06474482592522429,0.05167987987899786
0.0028628314206569053,85.94112549695427,0.7877506697897605,0.03018720827888328,1.4555407037831083,1.9018105937760812,329.9978401727862,204.46004319654426,70.79697157704707,-5.908121043621046,20.44710755752931,0,1.3218142548596112,1.0496760259179265,0.7699064762311272,0.1529092258683522,-0.012760520612572454,0.044162219346715575
0.005243371586861892,130.42640687119285,0.6264330407923845,0.04085360465165015,1.4591375884257893,2.4639903925093867,475.4858490566038,207.05424528301887,167.7285733357067,-15.676475169099334,29.673944241723046,0,1.349056603773585,1.0660377358490567,0.7705135516976221,0.1977931289336164,-0.018486409397522798,0.0349928587756168
0.0041551246537396115,113.59797974644665,0.6543919095539091,0.036367805207509,1.319076331823649,1.7571108407177802,182.04464285714286,211.11309523809524,92.33431653911566,-15.718165391156473,35.25804280045352,0,1.525297619047619,1.0833333333333333,0.7657318225641928,0.1374022567546364,-0.023390127070173322,0.052467325595912974
0.00023496240601503758,21.65685424949238,1.0181287778766266,0.00864817071501923,-1.5211259010299707,1.8516522283469679,83.94736842105263,205.23684210526315,5.6288088642659275,0.19806094182825482,1.6544321329639884,0,1.1842105263157894,1.0263157894736843,0.7799154673924983,0.14812654905962966,0.005212130048111969,0.043537687709578644
0.003103977047882865,85.49747468305833,0.862992470606399,0.0314328901125667,-0.9856804005667724,1.5766023968158362,298.5756972111554,216.5219123505976,52.21638148600817,17.57337185124045,37.33318518753671,0,1.4940239043824701,1.0398406374501992,0.7746133358957504,0.10401669618726726,0.03500671683514034,0.07436889479588986
0.000445191927186387,30.48528137423857,0.9735582576112822,0.011904158587344227,-1.314275318026229,1.22541158577503,152.63888888888889,210.11111111111111,6.98070987654321,0.5848765432098765,4.90432098765432,0,1.25,1.0833333333333333,0.7729544668589222,0.09695430384087791,0.008123285322359395,0.06811556927297667
0.00045755836960823106,31.899494936611667,0.9138480087599594,0.012068361634970874,-1.5038750764070703,1.5982974454373577,514.6081081081081,210.48648648648648,9.589663988312639,0.3904309715120525,3.79035792549306,0,1.2972972972972974,1.0675675675675675,0.7687453676977667,0.12959005389611675,0.005276094209622331,0.051221053047203514
0.004860011871784725,107.01219330881975,0.8625134561588882,0.03933179154017355,-1.4883386430695493,1.4558852525259194,94.81679389312977,221.83078880407123,92.54913272342324,4.027183730551835,44.153301413411526,0,1.256997455470738,1.0305343511450382,0.7700135022099978,0.11774698819773949,0.005123643423093937,0.056174683732075736
0.00299886228729719,83.94112549695429,0.8649719550999286,0.03089607601865374,1.5610887991626208,1.6015244288822523,363.3979381443299,216.60824742268042,62.87463492400893,-0.3723881390158357,24.518694866617075,0,1.2536082474226804,1.0350515463917527,0.7720667996657037,0.12963842252372976,-0.0007678105959089396,0.05055401003426201
0.001620003957261575,64.14213562373095,0.8002474959182818,0.022708220433429443,-1.3446785322619896,1.8826853830726278,62.408396946564885,215.0267175572519,38.37137987296778,6.243735796282267,12.6672251034322,0,1.1908396946564885,1.049618320610687,0.7744462416335296,0.14645564837010602,0.023831052657565903,0.048348187417680155
0.0034997032053818754,97.35533905932738,0.7504240566469664,0.0333764906630723,1.3921777543702962,1.3263786377614801,131.07597173144876,221.0035335689046,60.296348437363434,-4.612805753599122,35.57949281424416,0,1.2720848056537102,1.0812720848056536,0.7675657031293571,0.10653065094940536,-0.008149833486924243,0.06286129472481301
0.0005379402453502177,37.31370849898476,0.7852216904932503,0.013085553036502058,1.407180245025723,1.3061620292512455,214.4712643678161,217.19540229885058,9.398599550799313,-0.6320517901968555,5.6744616197648305,0,1.4942528735632183,1.1149425287356323,0.7473741193789993,0.10802987989424498,-0.0072649631057109835,0.0652236967789061
0.0002535120696478037,23.65685424949238,0.9206185731333096,0.008983061729488984,1.2010152228113078,1.875170595639104,450.9268292682927,216.46341463414635,5.628792385484831,-1.4973230220107083,2.34622248661511,0,1.3170731707317074,1.0975609756097562,0.7738752946567716,0.13728761915816662,-0.03652007370757825,0.057224938697929516
0.0006492382271468144,41.31370849898476,0.7730557259611038,0.01437563724463262,-1.5319018281412693,2.196400308269915,243.9142857142857,218.22857142857143,18.821224489795917,0.5804081632653061,3.9287074829931954,0,1.2190476190476192,1.0666666666666667,0.764913071775041,0.1792497570456754,0.005527696793002915,0.037416261742792334
0.006646962801741196,125.19595949289332,0.8618619396908973,0.04599776052037893,1.5207286247502565,1.3799358241115869,330.0,232.15255813953488,119.70790697674418,-2.8446511627907003,63.081842293131416,0,1.4865116279069768,1.0288372093023255,0.7735843896601419,0.11135619253650622,-0.0026461871281773957,0.05868078352849434
0.002374356944994064,76.2842712474619,0.8292225139058318,0.027491476659516737,1.3936828029388828,1.4936293739362423,161.76041666666666,227.78125,46.48426649305555,-4.525716145833333,22.009440104166668,0,1.3359375,1.0520833333333333,0.7579579312148471,0.1210527773256655,-0.011785719129774304,0.05731625027126736
0.0030668777206173327,96.52691193458118,0.6689516285770314,0.03124447948341125,1.4737277201010783,2.1214180815569206,394.7217741935484,227.81048387096774,88.42662265868886,-6.683158818938608,20.44392234651405,0,1.4173387096774193,1.1028225806451613,0.7382789109190406,0.1782794811667114,-0.013474110522053646,0.04121758537603639
0.018821725366046694,258.651803615609,0.5717727977276561,0.07740246287456808,-1.4993747199669938,2.6972182452912024,472.1074244415243,238.33968462549277,690.6753850879178,42.591023939729325,98.40432526190544,0,1.5867279894875164,1.121550591327201,0.7396989149429661,0.22689730127723975,0.013991794986770474,0.03232730790469955
0.003190542144835774,98.04163056034261,0.6745878496171883,0.03186818330227286,-1.534771806291163,2.6382238245419583,21.112403100775193,226.31782945736435,111.32069887626945,3.434949822727,16.13541854455863,0,1.191860465116279,1.0348837209302326,0.7634537574329875,0.21573778851990202,0.0066568795014089145,0.0312701909778268
0.0022877918480411555,72.52691193458118,0.8839205185278294,0.02698567699284538,-1.4481052557774505,1.4950241822855377,266.62432432432433,227.7216216216216,44.0345434623813,2.9802556610664723,20.233316289262227,0,1.3135135135135134,1.0405405405405406,0.7786226526309165,0.11901227962805756,0.008054745029909384,0.05468463861962764
0.0036666501780767704,93.94112549695427,0.8444093609708229,0.03416329903360319,1.3908698187767707,1.6004093152451297,233.0387858347386,233.96290050590218,75.34588183103034,-8.247644668405144,31.502839479139713,0,1.2799325463743676,1.0438448566610454,0.7718698677262943,0.1270588226492923,-0.01390833839528692,0.0531245185145695
0.00327092402057776,96.2842712474619,0.7170589167395937,0.03226712650215283,1.4529718069911783,1.8371998522784567,198.66351606805293,233.70510396975425,82.29509614388171,-6.827048216665891,25.42910438427535,0,1.389413988657845,1.0586011342155008,0.7309272809672891,0.15556728949694085,-0.01290557318840433,0.04807014061299689
0.0038892461416699642,96.18376618407356,0.8543915662192617,0.03518501807155588,-1.562592590407283,1.7243810667759314,57.97774244833068,236.2289348171701,86.95339967293584,0.4734418323682331,29.248065797023052,0,1.2352941176470589,1.0302066772655007,0.7795750713754804,0.13824069900307764,0.0007526897175965551,0.0464993096932004
0.0006368717847249703,38.72792206135786,0.8629759595294934,0.014238068173367936,1.426601476234167,1.59671293362264,366.378640776699,236.25242718446603,13.439155434065416,-1.1762654350080115,5.509096050523141,0,1.3592233009708738,1.1067961165048543,0.7552443482478064,0.1304772372239361,-0.011420052767068072,0.05348636942255477
0.011562623664424218,178.26702730475878,0.739451042640116,0.06066710329831875,1.5089890748704307,1.6363540730918953,290.5566844919786,253.58342245989306,247.95159970259374,-9.600351454145093,93.41630272527097,0,1.490909090909091,1.0470588235294118,0.7694716139197771,0.13259443834363302,-0.00513387778296529,0.049955242099075384
0.000439008705975465,30.727922061357855,0.9449347653367396,0.011821201767702955,1.3162828628140437,1.702037156171614,119.07042253521126,237.6056338028169,9.389406863717516,-1.5629835350128944,3.7881372743503285,0,1.352112676056338,1.056338028169014,0.7710055568196894,0.1322451670946129,-0.022013852605815416,0.053354046117610264
0.00017313019390581717,18.82842712474619,0.9925212454575935,0.007423547151944162,-1.413077377327211,2.21349949010337,138.64285714285714,238.60714285714286,4.8010204081632635,0.604591836734694,1.095663265306122,0,1.1428571428571428,1.0357142857142858,0.790991626025837,0.1714650145772594,0.021592565597667642,0.03913083090379007
0.003858330035615354,95.35533905932738,0.8623914144620651,0.03504489398608911,-1.5565232457792466,1.6618177531319778,93.78365384615384,247.75,83.21120716222882,0.7576121794871796,30.145833333333346,0,1.2115384615384615,1.0320512820512822,0.778770946867855,0.13335129352921285,0.0012141220825115059,0.048310630341880365
0.002652601899485556,90.87005768508881,0.6528682500196702,0.02905769104241,-1.5105994489298338,2.9492542075629653,393.7995337995338,245.5874125874126,103.50293684559418,5.518607266859015,12.270331067533863,0,1.3286713286713288,1.06993006993007,0.7615588767278851,0.24126558705266707,0.012863886402934767,0.028602170320591758
0.0022816086268302336,74.2842712474619,0.8403157351216903,0.026949185188466954,-1.4059529229076693,1.1256349674880384,157.18970189701898,248.86720867208672,33.62254977563327,1.1536710218050688,26.879385433420726,0,1.3008130081300813,1.062330623306233,0.7677174669772839,0.09111802107217687,0.003126479733889075,0.07284386296319979
0.0001916798575385833,18.242640687119284,1.17056665736022,0.007811119870852813,-0.8258502129750638,1.3640020132335018,255.58064516129033,243.5483870967742,2.630593132154007,0.7700312174817898,2.5057232049947973,0,1.1612903225806452,1.032258064516129,0.7910740076795791,0.0848578429727099,0.02483971669296096,0.08082978080628378
0.008365898298377522,146.81118318204307,0.788840833168666,0.05160376086276772,1.2042990537227507,1.5427244719672741,194.2150776053215,261.65558019216553,156.53245559264698,-32.807262501167635,83.65373271954851,0,1.4042867701404287,1.0436067997043608,0.7713615037379563,0.11569287183492016,-0.024247791944691528,0.06182833164785552
0.004550850811238623,108.9116882454314,0.779720043109632,0.0380602260077995,1.516319184381863,1.7003703391543665,355.04891304347825,256.0529891304348,101.04652055765595,-3.6006690099243865,35.213224760751416,0,1.4021739130434783,1.046195652173913,0.772568343619858,0.13729146814898907,-0.004892213328701612,0.04784405538145573
0.003988177681044717,94.42640687119285,0.9090392813686481,0.03562971209165292,-1.547433011625574,1.1532128209393222,128.46821705426356,257.984496124031,59.486199146685905,0.3446788053602552,44.743945676341546,0,1.289922480620155,1.0403100775193799,0.7814013815940342,0.09222666534369908,0.0005343857447445817,0.06937045841293263
0.004000544123466562,99.94112549695427,0.814002376306618,0.035684909200022825,1.4895599182468662,1.459222233803293,235.41576506955178,257.82998454404947,77.97706212718789,-3.356621572875882,37.02209938152307,0,1.2442040185471406,1.0324574961360125,0.7540835795783092,0.12052096155670462,-0.005187977701508318,0.057221173696326226
0.001310842896715473,71.4558441227157,0.5217593217960822,0.020426802325825076,1.1062121179518258,3.1261756148430493,431.70754716981133,255.92924528301887,45.05598077607689,-19.762326450694196,15.528012637949445,0,1.9622641509433962,1.1603773584905661,0.7536682521115591,0.21252821120790988,-0.09321852099384055,0.073245342631837
0.004526117926394935,106.32590180780451,0.8136596795365629,0.03795666057499245,1.4114313653735455,1.6594629648818877,58.08743169398907,261.54234972677597,97.44044313058018,-9.881543193287342,37.548752948729444,0,1.400273224043716,1.030054644808743,0.7666509146911297,0.1331153594680057,-0.013499375947113855,0.05129611058569596
0.012403541749109617,190.50966799187808,0.6945551763926942,0.06283446476604204,1.2436687105777327,2.191025122764009,413.26121635094717,275.3738783649053,331.61072912866587,-86.99605570129094,104.74555893635147,0,1.5792622133599203,1.0912263210368893,0.7606670444871021,0.16530943625556624,-0.04336792407841024,0.052216131074950885
0.0034069548872180454,99.01219330881976,0.7062916968689859,0.032931252973181654,-1.307263274318742,2.1830876748283696,490.2649727767695,265.34664246823957,92.94975312993041,19.518348095032625,25.874394353114766,0,1.4519056261343013,1.0508166969147006,0.7654568485023221,0.16869283689642545,0.03542349926503199,0.04695897341763115
0.0023434408389394535,72.08326112068522,0.9166007775154462,0.027311909247089712,-0.7721263210414557,1.1982737336275058,329.0474934036939,273.12137203166225,31.317005590325888,5.628455663772877,31.615875690088487,0,1.5197889182058046,1.0211081794195251,0.7651346769786322,0.08263062161035854,0.014850806500719993,0.08341919707147358
0.001026414721013059,54.62741699796952,0.6990312970245269,0.0180753410209333,-1.2195258398018074,2.6268203612365695,19.596385542168676,268.0,32.023842357381334,9.843373493975903,8.771084337349398,0,1.5903614457831325,1.072289156626506,0.7648721487289308,0.19291471299627308,0.05929743068660183,0.052837857453912035
0.003839780371982588,99.94112549695429,0.7812913070887321,0.03496054995529291,-1.5430448794589957,1.927032243845466,94.93075684380032,272.33816425120773,96.99198477340325,1.9669226041836838,26.188382459333916,0,1.1626409017713366,1.0305958132045088,0.770691106087785,0.15618677097166384,0.0031673471887015844,0.04217130830810614
0.002831915314602295,84.5269119345812,0.8055367084922325,0.030023767942634887,1.4488345821919015,1.7586865117613855,157.8711790393013,272.8515283842795,65.76724795484446,-5.4284719971015045,22.14389504395415,0,1.3275109170305677,1.0480349344978166,0.7577964603296314,0.1435966112551189,-0.011852558945636473,0.04834911581649377
0.0041551246537396115,106.42640687119285,0.7455561161063795,0.036367805207509,1.322367421798358,2.0366208227022433,264.625,278.8422619047619,106.05282738095238,-20.104538690476186,31.897737740929685,0,1.4285714285714286,1.0580357142857142,0.7695544408669271,0.15781670741213152,-0.029917468289399087,0.04746687163828822
0.002164127423822715,71.4558441227157,0.8613951067388149,0.026246202657988993,1.0728068113217335,1.51603443497172,461.6171428571429,277.54285714285714,37.761991836734694,-10.276408163265309,24.44816326530613,0,1.302857142857143,1.0485714285714285,0.765025339744046,0.10789140524781342,-0.029361166180758024,0.0698518950437318
0.002374356944994064,84.18376618407356,0.6809016491819466,0.027491476659516737,1.4490270980024158,2.2566291579107833,39.276041666666664,279.140625,69.87692599826386,-6.851806640625,14.725016276041666,0,1.5494791666666667,1.0625,0.7658740439898347,0.18197116145381212,-0.017843246459960938,0.03834639655219184
0.00641818361693708,123.98275605729688,0.8485640821932727,0.04519924000040169,-1.2598861084298367,1.5505019255558103,355.78901734104045,286.77263969171486,122.87167128871664,22.109626115139154,61.16988725168081,0,1.329479768786127,1.0289017341040463,0.7739018463565485,0.11837347908354204,0.02130021783732096,0.05893052721741889
0.002955579738820736,81.35533905932738,0.9075397201792254,0.03067230428694829,1.2626031512959588,1.3172474899881317,230.47280334728035,285.3075313807531,48.521226869277506,-6.183050016631361,31.066512315960857,0,1.288702928870293,1.0292887029288702,0.7794245446422439,0.10150884282275628,-0.012935251080818746,0.06499270358987627
0.0026155025722200236,78.2842712474619,0.8673636255557293,0.028853774901679112,-1.4800843681353761,1.543929231367645,302.6643026004728,283.8486997635934,52.31756730323201,2.7529187554840195,22.303349373215084,0,1.2576832151300237,1.0401891252955082,0.7764732684247643,0.12368219220622224,0.0065080821642648215,0.05272659426291982
0.0010449643846458252,51.55634918610404,0.7989732804271259,0.018237941066434213,-1.4968208013668616,2.1087746180501497,126.28994082840237,281.18934911242604,28.596407688806416,1.6406988550821053,6.5795315290080865,0,1.242603550295858,1.047337278106509,0.7756087131979417,0.16920951295151726,0.00970827724900654,0.03893213922489992
0.002974129402453502,88.52691193458118,0.7712662195187381,0.030768405736905508,1.5548255820649637,2.086069556793492,494.52182952182955,287.54677754677755,81.42208064453389,-1.0015776211202412,18.73014034344595,0,1.2723492723492724,1.0374220374220373,0.7700631895231381,0.1692766749366609,-0.002082281956590938,0.03894000071402484
0.0008100019786307875,45.79898987322333,0.7848187329971098,0.01605713665715688,-1.3330447264230476,2.258959739032535,61.83206106870229,290.4503816793893,22.750422469553058,4.382378649262863,5.728454052794127,0,1.450381679389313,1.0763358778625953,0.776705105144704,0.17366734709582488,0.03345327213177758,0.04372865689155822
0.001187178472497032,69.89949493661166,0.4938135666834516,0.01943940957077598,1.5216499357694933,4.763976960826313,94.46354166666667,288.6822916666667,74.1445041232639,-3.4858127170138897,3.4459364149305522,0,1.1666666666666667,1.0416666666666667,0.7692523329579433,0.38616929230866615,-0.018155274567780676,0.01794758549442996
0.0008100019786307875,43.31370849898476,0.8774662493541979,0.01605713665715688,1.5218590833232006,1.9816718487753113,121.7557251908397,294.8473282442748,20.94796340539596,-0.7642328535633122,5.381271487675543,0,1.16793893129771,1.0381679389312977,0.7731539010925517,0.15990811759844245,-0.005833838576819177,0.04107840830286674
