Area,Perimeter,Shape Factor,ECR,Orientation,Scale Factor,X Coordinate,Y Coordinate,Inertia Tensor XX,Inertia Tensor XY,Inertia Tensor YY,Determinant,Aspect Ratio,Compactness Ratio,area-to-ellipse Ratio,Inertia Tensor/Area XX,Inertia Tensor/Area XY,Inertia Tensor/Area YY
0.0020509521626802234,152.5685424949238,0.8502769917979721,0.02555070154557681,-0.24049209075939473,1.176706809875011,0.0,0.0,110.68334230284702,9.637962207105053,147.62013605442178,0,1.28,1.0266666666666666,0.7722975931141193,0.0702751379700616,0.006119341083876224,0.09372707051074398
0.0028843549462455203,210.40916292848976,0.6287156882288097,0.0303004735054267,0.4263884950399976,1.5783960944027158,0.0,0.0,158.12358789089373,-70.74942955123335,281.7327020265071,0,1.8329571106094809,1.11196388261851,0.6961749143035175,0.0713876243299746,-0.031941051716132436,0.12719309346569171
0.0022072151845987167,166.08326112068522,0.7721965179123398,0.026506195769909195,0.43788775758560916,1.3468247356140544,0.0,0.0,116.53442973869002,-31.774855770485814,169.52295368122455,0,1.3238938053097344,1.0536873156342184,0.7737485065280523,0.06875187595202951,-0.01874622759320697,0.10001354199482275
0.0014428285690474207,132.76955262170046,0.7898645828087025,0.021430506237515856,0.4211485477946911,1.3346010345183972,0.0,0.0,77.01801795931136,-19.854201149500184,112.4465871769474,0,1.2951263537906137,1.0568592057761732,0.7616688484874762,0.06951084653367452,-0.0179189541060471,0.10148608950988033
0.0039169930827568965,222.3086578651014,0.7648476602549313,0.03531030476157127,1.3832372101996746,1.1008113395384485,0.0,0.0,268.60166760535736,-8.652291473623498,224.65498641477333,0,1.5342420212765957,1.0701462765957446,0.7657994133640484,0.08929576715603636,-0.0028764266867099394,0.0746858332495922
0.0021837757313109426,183.82337649086287,0.6236507494746136,0.026365079261866643,-0.7882332741989317,2.239200014324412,0.0,0.0,187.55873441549687,124.71088411064275,186.14444255988533,0,1.9701848539057842,1.0590339892665475,0.7532827664732711,0.11184182135688543,0.07436546458595275,0.11099847499098708
0.016242238936578047,464.6589462905455,0.7259591440208345,0.07190316562761401,1.530307077154804,1.14425859216343,0.0,0.0,1180.7813518135592,-11.286858729744381,902.6290822522836,0,1.6069109276036238,1.0801731740559608,0.7551574170973423,0.09466698884098126,-0.0009049032894848378,0.07236663851938456
0.00048181098424868743,98.38477631085023,0.48034777460706446,0.012384070395403114,0.06650731102840214,3.7670861730609198,0.0,0.0,8.806435354273196,-7.278991964937898,117.60669101533966,0,1.3297297297297297,1.0945945945945945,0.737681024697868,0.0238011766331708,-0.019672951256588914,0.3178559216630802
0.0009948745728810735,107.39696961966999,0.8323752688549065,0.017795460434080427,-0.714273044147092,1.254509584250969,0.0,0.0,62.553397659055406,14.25516707327101,66.63657794468352,0,1.513089005235602,1.0471204188481675,0.7583058568694633,0.0818761749464076,0.018658595645642685,0.08722065176005697
0.0009401825152096008,107.74011537017762,0.7816137468793984,0.017299404307904886,0.8602464619537054,1.225761457986221,0.0,0.0,63.06839266119812,-12.158182487856896,59.400879367101226,0,1.554016620498615,1.0789473684210527,0.7522404234981508,0.08735234440609158,-0.0168395879333198,0.08227268610401832
0.002610894657888157,178.40916292848976,0.7915710999210256,0.02882834683762228,-1.3884716221673885,1.5683728711694196,0.0,0.0,249.8048022089414,26.96053009620589,108.54677620164053,0,1.5037406483790523,1.0314214463840399,0.771411173028609,0.12459092379498324,0.013446648427035357,0.054138042993336924
0.0022527918993249436,176.75230867899737,0.6958662556136053,0.026778460244567617,0.5065080165482284,1.3747507933176817,0.0,0.0,130.4865501687326,-40.73119649837955,181.30781148718629,0,1.7132947976878612,1.0780346820809248,0.7289918479955488,0.07542575154262,-0.023544044218716503,0.10480220317178399
0.0007682931910992584,96.76955262170047,0.7917433223191723,0.01563826455251945,1.0801638442230102,1.582995152141253,0.0,0.0,68.18575122091355,-19.651192186153406,41.8972852628555,0,1.3983050847457628,1.0372881355932204,0.7418708453693609,0.11556906986595517,-0.03330710540026001,0.07101234790314491
0.003803702391865989,213.86500705120545,0.8025312641805211,0.03479592038489391,1.4241953902245066,1.243306653416191,0.0,0.0,292.9473555657886,-15.061093562640815,193.17301163902894,0,1.5453611776788772,1.044847654912701,0.7689812172473947,0.10029009091605225,-0.005156142951948242,0.06613249285827763
0.0018478102341861822,145.0538238691624,0.8474886593182362,0.024252345563533586,-1.467265161995646,1.1259495629463048,0.0,0.0,128.68587840149863,2.8001848466473076,102.02674763764298,0,1.3530655391120507,1.0458069062720226,0.7742294153354833,0.09068772262262059,0.001973350843303247,0.07190045640425863
0.004104508709059088,218.95331880577402,0.8262148717764488,0.03614561799196379,-1.3668004955703774,1.3429823096167437,0.0,0.0,334.3024358879383,30.099528500154594,195.0319327306487,0,1.2436548223350254,1.0352157360406091,0.776930413569662,0.10606041747713779,0.009549342798272397,0.06187561317596722
0.00012110384198683223,36.14213562373095,0.8946747694263826,0.006208747873705965,0.5550893958105759,1.4266601703571833,0.0,0.0,7.087987050526073,-2.5527806682853504,9.621459128222918,0,1.4193548387096775,1.086021505376344,0.7401001147927874,0.07621491452178573,-0.02744925449769194,0.10345654976583783
0.008673899908325693,432.5462479183374,0.4473878643465677,0.05254510531523125,-0.2008115502101585,1.954219596475967,0.0,0.0,348.5703074005337,172.68938489624264,1161.7854019934352,0,1.8120402341990691,1.2245909022669268,0.6797065411704494,0.052330026632717866,0.02592544436214422,0.17441606395337567
0.0048142032669389115,242.16652224137044,0.79219319011342,0.03914598950039401,-0.9498637362888833,1.267697843189838,0.0,0.0,334.6943183066137,68.59624099224686,287.86626459295724,0,1.3624560454422505,1.048688125507168,0.7632780262980657,0.09053132764582464,0.018554568837502533,0.07786482677656403
0.0011511375947995666,118.91168824543144,0.7856209188449751,0.01914206041110864,0.24014247944126535,1.3562568441901368,0.0,0.0,56.499532923158824,-10.459832671321227,96.65451541737474,0,1.4479638009049773,1.0588235294117647,0.7552546831614961,0.06391349878185387,-0.011832389899684645,0.10933768712372709
0.006409388282356862,283.03657992645924,0.7720871736925397,0.045168259371650955,-0.48485974238573976,1.4901206924061352,0.0,0.0,337.1223144854944,134.10884569705925,521.0442346769706,0,1.4205607476635513,1.0570906135717189,0.7747230278047869,0.06849295296332679,0.027246819523986034,0.10586026710218827
0.0021616384698724895,176.36753236814712,0.6706264447910866,0.026231105491679445,0.21071646777348466,1.218031204368666,0.0,0.0,127.1972053273334,-12.320759907098235,182.1647278269705,0,1.6825301204819276,1.1198795180722891,0.6838242089246395,0.07662482248634543,-0.007422144522348334,0.1097377878475726
0.0005924972914409534,111.15432893255071,0.4627735178404171,0.013733089434019357,-0.5918592639063613,2.6495144481547626,0.0,0.0,48.832585436541486,47.36313488709093,87.44709093104696,0,2.4857142857142858,1.2483516483516484,0.6316324494149648,0.10732436359679447,0.1040948019496504,0.19219140863966364
0.00047399783315276275,79.21320343559643,0.7289808068760956,0.01228324860622056,1.4422013045167177,1.6512588793611964,0.0,0.0,50.41633709696895,-4.103165378577466,19.215334802560083,0,1.335164835164835,1.085164835164835,0.7373585230877177,0.13850642059606855,-0.011272432358729302,0.052789381325714514
0.0006094257854821235,85.59797974644667,0.8026545790439062,0.013927894758874435,1.0441777679076159,1.4593786974494305,0.0,0.0,49.808185404339255,-13.257177295638838,34.71288991160787,0,1.4957264957264957,1.0576923076923077,0.7421770539277902,0.1064277465904685,-0.0283273019137582,0.0741728416914698
0.003437786482206851,230.0243866176395,0.6269978163566037,0.03307992478642351,0.13645338722359193,1.909582422889554,0.0,0.0,121.08415274908175,-41.16956439393944,415.26795454545453,0,1.531060606060606,1.065909090909091,0.7485519672735508,0.04586520937465218,-0.015594531967401303,0.15729846763085398
0.0005482227685640469,81.94112549695427,0.7879308595644602,0.013210023734459541,0.10522997584002566,1.8742256678377929,0.0,0.0,18.548315570325155,-4.736985234793302,62.89726417702451,0,1.332541567695962,1.0403800475059382,0.7778776239947155,0.04405775669910963,-0.01125174640093421,0.14939967738010573
0.0022905554629552463,171.63961030678928,0.7503098775516246,0.027001971200468763,0.24417629182933678,1.2612810052178778,0.0,0.0,118.88425092943595,-15.927389101965996,178.84348987631554,0,1.4462762933484934,1.0704945992040933,0.7584964960790558,0.067586271136689,-0.009054797670247866,0.10167338821848525
0.00011719726643886992,38.14213562373095,0.7773961067867173,0.006107785895167583,-0.2720352954891568,2.036313235817719,0.0,0.0,4.627283950617284,3.070740740740741,14.778888888888888,0,1.5,1.0888888888888888,0.7325817008612112,0.05141426611796982,0.03411934156378601,0.16420987654320987
0.0020796003833652805,157.88225099390857,0.8050969118223097,0.025728532047840775,-1.306925203886341,1.3360485383727285,0.0,0.0,170.89596139285894,19.50762211080655,103.9616061580711,0,1.3938634940513464,1.0375704445835943,0.7569796512517795,0.10701062078450779,0.012215167257862586,0.06509806271638767
0.009058046503875322,342.9360748630709,0.7432639890458171,0.05369604968427414,1.2379258968882008,1.0665333863497255,0.0,0.0,627.2404864711103,-23.72003935193051,566.8338122879342,0,1.4491086831512363,1.0612420931569868,0.7296903123976621,0.09017258287393766,-0.003410011407695588,0.08148847215180192
0.004751698058171514,238.46803743153544,0.8063495953659345,0.03889103326058995,0.07125380524396693,1.142586854929927,0.0,0.0,261.92745058824124,-5.673669965628006,341.01389502118684,0,1.243080295971499,1.0350781035900247,0.7632303070403682,0.07178061128754214,-0.0015548561155461788,0.09345406824367959
0.008976008417368115,341.9066376115481,0.7409741861084657,0.05345233594256842,0.6306770306345889,1.1307834387773064,0.0,0.0,577.7197904113424,-69.90001534091957,622.4156288885705,0,1.508051646597998,1.0365588277963151,0.7233696176819845,0.08381253306417269,-0.010140724697652629,0.09029676902489055
0.0025210434202850235,185.4386001800126,0.7074812532152355,0.02832795517109063,1.386944341770274,2.0128343448855923,0.0,0.0,309.7392721531146,-43.013385196110214,86.42308388045556,0,1.3935950413223142,1.059400826446281,0.7665220778398208,0.15998929346751786,-0.02221765764261891,0.04464002266552457
0.005958829902491874,282.0071426749364,0.7230622084021147,0.0435517447187912,-0.47693964570704644,1.3530227421383794,0.0,0.0,333.93415932434027,96.27512242728862,470.5033022320772,0,1.520979020979021,1.089597902097902,0.7438030843582832,0.07297512222996946,0.021039143887082303,0.10281977758568121
0.005017345195432952,244.50966799187805,0.8098727775140985,0.039963365450160125,0.01565261014827903,1.135153287720144,0.0,0.0,273.332932990489,-1.2343342061615636,352.1652137005629,0,1.3059953283155983,1.034518556968596,0.7761814426471745,0.07094028886335037,-0.00032035665874943255,0.09140026309383932
0.0009232540211684307,113.98275605729688,0.6857689091792929,0.017142954307728008,1.0315966429269474,1.7066163025905048,0.0,0.0,85.6303023189657,-29.961693399989244,53.483143385168724,0,1.7602256699576868,1.0677009873060648,0.7302641099790528,0.1207761668814749,-0.04225908801126833,0.07543461690432825
0.001967611884323694,161.29646455628165,0.7298349081262059,0.025026192578036097,1.3909942439807403,1.483982716406981,0.0,0.0,190.34127494775788,-18.60788543401773,91.35026133087116,0,1.5195234943745863,1.056915949702184,0.7234206998880199,0.1259704003625135,-0.012314947342169246,0.060456824176618906
0.0010248249854154514,112.42640687119285,0.7824343972216261,0.01806133783710103,0.20339166738588713,1.3251100260694495,0.0,0.0,49.83109907018273,-7.228884558316612,83.3904280001098,0,1.400254129606099,1.059720457433291,0.7678819693204709,0.06331778789095646,-0.009185367926704716,0.10595988310052071
0.0065265855487957325,287.7645019878171,0.7605827787384919,0.04557934513796729,-1.2976623449612228,1.5612912849795604,0.0,0.0,605.4460866147901,96.90837775452243,286.6590960625066,0,1.4565043894652834,1.0407023144453311,0.7731259893081406,0.1207992990053452,0.019335270900742704,0.057194552287012486
0.005678858654887907,287.03657992645924,0.6651528515103018,0.04251631277628864,1.4625291120664985,1.2133255106909777,0.0,0.0,466.64509995388136,-16.137913278464648,319.9256975418597,0,1.5858747993579454,1.0740655812886952,0.7060367708344955,0.10700415041363938,-0.0037005075162725633,0.07336062773259795
0.002234561213434453,161.63961030678928,0.8253374618182189,0.026669887992247624,1.3276447882823799,1.158571019224324,0.0,0.0,163.0330941882515,-9.860759626930957,125.7275698757342,0,1.3403263403263403,1.0361305361305362,0.7508906219798717,0.09500763064583422,-0.005746363418957434,0.07326781461289872
0.0017813984498708225,143.63961030678928,0.8331966688808358,0.02381253320892934,-1.4982010292806753,1.6062304676208798,0.0,0.0,175.08716731216444,7.781658779624505,68.64911799784552,0,1.317251461988304,1.029970760233918,0.7818406029109407,0.12798769540362898,0.0056883470611290236,0.05018210379959468
0.0030718705725477123,189.23759005323592,0.8277953597142025,0.031269902019657785,1.265162137194463,1.1649182657714976,0.0,0.0,218.1613881770338,-16.87248208901501,170.00991180224696,0,1.4718100890207715,1.0411191182704536,0.7685197498079068,0.09248045280925554,-0.007152387490044514,0.07206863577882448
0.003489874156179682,215.3380951166243,0.7262780588191979,0.03332958813800895,-1.0340070252323554,1.2481153841132084,0.0,0.0,261.145956226331,45.337762029405205,211.93677308420592,0,1.4794776119402986,1.0772388059701492,0.7255848532509878,0.09744252097997426,0.01691707538410642,0.07908088547918131
9.245562130177515e-05,40.14213562373095,0.5536907458135707,0.005424899841805349,0.042595278026393096,2.972413908901217,0.0,0.0,2.3828605435429497,-0.7831779408847453,20.724856179329493,0,1.676056338028169,1.2253521126760563,0.6354146223201179,0.03356141610623873,-0.011030675223728808,0.29189938280745764
0.005570776731394282,257.19595949289334,0.8126852191847196,0.04210977686150122,-0.09457495050733494,1.2191016943802595,0.0,0.0,285.23268640604687,12.981551349074762,420.8538433150377,0,1.2239364188873305,1.0320243104254325,0.7722547003342638,0.06667430724779029,0.0030344907314340257,0.09837630746027061
0.0001836090507542295,63.11269837220809,0.444831444347286,0.007644905234722837,1.131343540466085,5.029079413332249,0.0,0.0,47.6119913485237,-21.311754941904333,12.2975705447412,0,2.5815602836879434,1.1560283687943262,0.769010315745991,0.3376736975072603,-0.15114719816953429,0.08721681237405106
0.00047790440870072503,77.11269837220809,0.7755755818320267,0.01233376252164195,-0.2976763820759467,1.3551539512289925,0.0,0.0,25.104128770723676,5.492668295109473,41.322572741649296,0,1.4877384196185286,1.0762942779291553,0.7227509999165249,0.06840362062867486,0.014966398624276494,0.11259556605354032
0.00038935536294691225,68.38477631085024,0.8034561715248968,0.011132639456332005,1.4765222414289942,1.2421956706680854,0.0,0.0,31.106475319068032,-1.029160747642645,20.31945951387569,0,1.3244147157190636,1.0702341137123745,0.7439331520859869,0.10403503451193322,-0.0034420091894402844,0.06795805857483508
0.0010860280023335276,118.22539674441617,0.7498153975079038,0.018592833291760424,-1.4610302329636646,1.313491766467332,0.0,0.0,91.05944165530885,4.189237099529011,53.509406862998816,0,1.6115107913669064,1.079136690647482,0.7480868696106416,0.10918398280013052,0.005023066066581548,0.06415996026738467
0.0005039482456871406,75.35533905932738,0.8564317760746768,0.012665374401382485,-1.2896140602860102,1.2930872341669826,0.0,0.0,39.46541674178234,4.363980530016225,25.616970134006376,0,1.4108527131782946,1.062015503875969,0.767977089025238,0.10197782103819726,0.011276435478078101,0.06619372127650226
0.0034325777148095675,209.92388155425118,0.7516775402532077,0.033054854737512455,-0.19802674147074711,1.3766569286948422,0.0,0.0,163.23125047492292,27.241643947121794,293.5276082766689,0,1.4658573596358118,1.0610773899848256,0.7585582465995747,0.06192384312402235,0.010334462802398253,0.11135341740389564
0.0054926452204350365,252.50966799187808,0.8313050479472478,0.041813434144597816,1.3549662180470892,1.3020034630967703,0.0,0.0,433.11879280268533,-37.869297706031254,268.6955658773246,0,1.229018492176387,1.0272641062114747,0.7775803902873515,0.10268345016659207,-0.008978022215749467,0.06370212562288398
0.0045238144845403784,238.2670273047588,0.7689742288074888,0.03794700085238136,-0.4397432624097236,1.2802612734057799,0.0,0.0,247.47494132744964,54.59829288647737,337.8395387364777,0,1.3097294185377086,1.0437535981577433,0.7646675982266368,0.0712363101115284,0.0157162616253533,0.09724799618206037
0.0008021501791815986,104.52691193458118,0.7084909970811866,0.015979121760522446,1.3001804948780282,1.0745950172741883,0.0,0.0,58.148905274919876,-2.0268120678023283,51.405285461291946,0,1.5,1.1006493506493507,0.7046682408284178,0.09439757349824655,-0.0032902793308479355,0.08345013873586354
0.00013021918493207768,37.89949493661167,0.8748689820636962,0.006438171629793325,-0.30529271942147823,1.6833667653300177,0.0,0.0,5.67,2.557,12.9779,0,1.26,1.04,0.7632945174568555,0.0567,0.02557,0.129779
0.0006589090757563131,93.11269837220809,0.7334027866955629,0.014482308963333806,0.6563917731326663,1.8343812017985175,0.0,0.0,42.95684981799434,-26.114015216610163,56.73955615616555,0,1.4940711462450593,1.0691699604743083,0.7548160930580514,0.08489496011461332,-0.05160872572452602,0.1121335101900505
0.0027020480873406116,179.4386001800126,0.8098343984030221,0.02932726750218164,-0.23052396775662268,1.1261551368856473,0.0,0.0,152.01697779068087,8.94483379300334,188.03006532152708,0,1.4255421686746987,1.0472289156626506,0.7681518863849559,0.07326119411599077,0.0043107632737365495,0.09061689895013353
0.009199985415451287,357.7645019878171,0.6936294696554465,0.05411512090427992,-1.5346375234584175,1.2375330938923725,0.0,0.0,710.8454150294831,8.916359434610117,464.6865410812249,0,1.370134465675867,1.0751592356687898,0.7683813629443316,0.10061506228301247,0.001262046629102635,0.06577304190817054
0.0029872281023418617,202.7523086789974,0.701248041614985,0.030836086607438678,0.17375260805148451,1.3323156587594485,0.0,0.0,156.82671466218304,-20.22868401629974,268.52449797014157,0,1.5771578029642546,1.0575414123801221,0.7020883807571439,0.06836386864088188,-0.008818083703705206,0.11705514296867549
0.005506969330777565,330.49242404917493,0.4865467009533953,0.04186792066603538,-1.5648753919258533,1.9863993354896627,0.0,0.0,786.9433392969901,3.478583982580343,199.46493301076615,0,1.573894537715772,1.2437928588318752,0.6671591293314654,0.1860826056507425,0.0008225547369544438,0.047165980849081614
0.000635469622468539,92.8700576850888,0.7110141690557081,0.014222385988336032,0.3109589215147518,1.9846595281991315,0.0,0.0,26.25147389814566,-17.624454111797903,75.4262798978769,0,1.4200819672131149,1.0758196721311475,0.7464758809545221,0.05379400388964275,-0.03611568465532357,0.1545620489710592
0.0017774918743228602,148.62741699796953,0.7765057122973504,0.023786408644608844,0.040866697238867745,1.0263146567852566,0.0,0.0,111.45663352520495,-0.242581545438689,117.37933207207932,0,1.1714285714285715,1.0344322344322345,0.7458729682289978,0.08165321137377653,-0.00017771541790380146,0.08599218466818997
0.0009714351195932993,108.5269119345812,0.7959280315880832,0.01758457853781774,0.10150868751453318,1.5357945030063533,0.0,0.0,40.529968590301095,-5.4750375550747865,93.7235461334445,0,1.2734584450402144,1.0415549597855227,0.7594981647028295,0.054329716608982705,-0.007339192433076121,0.12563478033973793
0.0020574631219268274,198.22539674441617,0.50529890774022,0.02559122607785479,1.2191267272053048,2.605260160808641,0.0,0.0,319.5360038455376,-98.02636596699239,88.34520549591413,0,1.860759493670886,1.1481012658227847,0.7236752224139015,0.20223797711742886,-0.06204200377657746,0.05591468702273046
0.0005273876989749146,75.698484809835,0.8881585763465606,0.012956570473525636,-0.9169810408426058,1.3498876377168152,0.0,0.0,36.925224813290654,9.65538789818625,31.722627648224353,0,1.2962962962962963,1.037037037037037,0.7708994476781623,0.09117339460071766,0.02384046394613889,0.07832747567462803
0.002226748062338528,169.92388155425118,0.7442127981966691,0.026623221485818603,0.8648417079853089,1.4822218147808326,0.0,0.0,163.884702985534,-57.19876885195445,145.5538965835642,0,1.642690058479532,1.0514619883040937,0.7449524697625075,0.09583900759387953,-0.033449572428043535,0.08511923776816621
0.002709861238436536,181.88225099390857,0.790498960823571,0.02936963776386423,0.15846718163724555,1.3237741428500842,0.0,0.0,129.00923552398868,-14.84702513138598,219.5424860658931,0,1.3190773666506488,1.0490148966842865,0.7758522902282737,0.061993866181638,-0.007134562773371446,0.10549855168952095
0.0036226977248104007,216.2670273047588,0.7474572664839066,0.03395792249921476,-1.4716295481554935,1.340717133863217,0.0,0.0,302.1749611474815,13.265850199572998,170.16049216980275,0,1.3587347232207045,1.0589503953989936,0.768109287678391,0.10861788682511916,0.004768458015662473,0.061164806674983016
0.0016407617301441785,155.0538238691624,0.6585904774595659,0.022853242211487476,-0.9594032144405193,1.4444976836588654,0.0,0.0,129.43392794154695,38.242348198538664,101.68718568909046,0,1.7142857142857142,1.0896825396825396,0.7280659534854494,0.10272533963614838,0.03035106999884021,0.08070411562626227
0.0012292691057588132,121.94112549695429,0.7977769055425785,0.01978101385529412,0.2673138047957297,1.0406780404323626,0.0,0.0,76.5863156689888,-1.6103097619218516,82.02517124210003,0,1.2976694915254237,1.0529661016949152,0.7445476598883288,0.08112957168325086,-0.0017058366122053514,0.08689107123103816
0.005604633719476623,267.62236636408613,0.7551571064455126,0.042237546346212386,1.155955671767891,1.5955303104997443,0.0,0.0,510.36848384316136,-126.81239732469834,278.26723773640157,0,1.4846654275092936,1.0655204460966543,0.7580098383503953,0.11858003806764901,-0.029463846962058164,0.0646531686190524
0.0004987394782898575,77.79898987322332,0.7951713453721008,0.012599750258231616,-0.16290692794660566,1.5228017686733826,0.0,0.0,22.072643483833144,4.502887060379442,48.728439078594846,0,1.2898172323759791,1.0652741514360313,0.7368735853813431,0.057630922934290195,0.011756885275142147,0.1272283004663051
0.009099716643053587,363.26197667087547,0.6654614113050801,0.05381941814025058,-1.1089449859387088,1.2069434105314654,0.0,0.0,644.667262346703,85.98151686725036,514.7270883498378,0,1.4699484831139096,1.0535203205495134,0.7667771157756695,0.09225347200153163,0.012304166695370688,0.07365871327273008
0.00014844987082256856,39.65685424949238,0.9109157119165101,0.006874086229131129,-1.3770678857798746,1.51712714112221,0.0,0.0,13.915435518621113,1.5185441674361342,6.473145583256384,0,1.105263157894737,1.0263157894736843,0.7605191914141368,0.12206522384755362,0.013320562872246791,0.0567819788004946
0.0013764167847320611,131.39696961967,0.7693326300114223,0.020931485138172147,1.2553469475340862,1.5703998342279157,0.0,0.0,128.46995253520032,-23.893442732998654,63.05257109203051,0,1.4049195837275308,1.0501419110690633,0.7613300431725352,0.12154205537861903,-0.022604960012297688,0.05965238513910171
0.003260688390699225,222.16652224137044,0.6375099319389093,0.03221660054264382,-1.4291424251426972,1.950613971082251,0.0,0.0,396.65234091906626,41.477813134767125,111.71762751482613,0,1.6293929712460065,1.0814696485623003,0.7583104025249763,0.15840748439259836,0.01656462185893256,0.04461566594042577
0.0016173222768564046,146.2842712474619,0.7293503486004036,0.022689417574470072,-0.03281721897676117,1.9875157733353603,0.0,0.0,51.594932203785405,4.975927092814293,203.0026371677285,0,1.173913043478261,1.0314009661835748,0.7593835486911216,0.04154181336858728,0.0040063825223947604,0.16344817807385548
0.007240186682223519,313.4629867976521,0.7110696146234023,0.04800648913186597,1.4306730623957078,1.4568149658385348,0.0,0.0,677.7721194231666,-50.08426689224166,329.74871639019705,0,1.6420863309352518,1.0800359712230216,0.7392177333404805,0.12190146032790766,-0.009007961671266485,0.05930732309176206
0.0020340236686390532,166.8528137423857,0.7050563427636664,0.02544503571346744,-1.0837491941647788,1.3968553068289822,0.0,0.0,162.96789835743598,36.786853995583336,112.9888242854871,0,1.6901408450704225,1.0761843790012804,0.7474256319209123,0.1043328414580256,0.023551122916506618,0.07233599506113131
0.008814536628052337,338.69343417595167,0.7415165062301593,0.0529693699305381,0.2582142226084341,1.5112630460087288,0.0,0.0,398.82049476857617,-116.6537651627228,809.6968271556649,0,1.3855813266361354,1.0580587974590043,0.7606828549567999,0.058918672591014354,-0.01723353008756431,0.11961838191101565
0.00030341070089174096,60.04163056034261,0.8121959679820433,0.00982744247847802,0.6310179246703811,1.74298914511365,0.0,0.0,18.527878575770412,-10.522813092891742,25.2406196467056,0,1.4592274678111588,1.055793991416309,0.7708096185834031,0.07951879217068847,-0.04516228795232507,0.10832883968543176
0.010592028502375199,372.0660171779821,0.7383699633182119,0.0580650272285006,-0.10319519247538102,1.067119984015813,0.0,0.0,639.730610035169,9.081289600929683,726.4786116813112,0,1.3400540939267274,1.0590115564298008,0.7457834464148408,0.07864895623741935,0.0011164604869596364,0.08931381997557306
0.001020918409867489,116.62741699796952,0.7243102185985363,0.018026880563421308,1.371045267586228,1.9466890710972697,0.0,0.0,122.35909516867973,-18.039833663057042,36.904061784152425,0,1.2244897959183674,1.066326530612245,0.7569780103043188,0.15607027444984659,-0.023009991917164595,0.04707150737774544
0.0004987394782898575,83.25483399593904,0.6943680343107705,0.012599750258231616,-1.070650002015743,1.8456486453848828,0.0,0.0,51.766076529255756,18.374008957726893,28.185630824397187,0,1.8015665796344646,1.0626631853785902,0.7148053660927927,0.1351594687447931,0.04797391372774646,0.07359172539007099
0.0008529356613051087,104.76955262170047,0.7498613772199274,0.016477191911006116,1.530449469891653,1.7311704890632085,0.0,0.0,94.39912359419614,-2.5378451139211005,31.63501893829032,0,1.334351145038168,1.0549618320610687,0.7499324026804564,0.14412079938045214,-0.0038745726930093137,0.04829773883708446
0.0010951433452787733,124.26702730475881,0.6843748496976748,0.01867069772640064,0.9859715132424693,2.1635946357559868,0.0,0.0,116.31789628167589,-55.37529920922514,69.34352258861755,0,1.9797859690844233,1.0665873959571939,0.7433854855459361,0.13830903243956705,-0.06584458883379922,0.08245365349419446
0.0004206079673306109,67.45584412271572,0.8920171901121884,0.011570811302972765,0.5125771547189155,1.4268783036720099,0.0,0.0,22.895589912680077,-8.115471249604617,32.749801109950255,0,1.2941176470588236,1.043343653250774,0.771908023632369,0.07088417929622315,-0.025125297986392004,0.10139257309582123
0.0016147178931577633,148.42640687119285,0.7073090272923883,0.022671141761939958,1.1970504197403506,1.6946289573373166,0.0,0.0,157.37579344432885,-38.18269380853276,74.98983805931324,0,1.4322580645161291,1.075,0.76201660288097,0.12691596245510392,-0.03079249500688126,0.06047567585428487
0.00014193891157596465,42.14213562373095,0.7712643918680824,0.006721648517201449,-0.04709684912090968,1.8732489125307454,0.0,0.0,5.041831495665348,0.5916168672670651,17.56636646746907,0,1.4036697247706422,1.0825688073394495,0.7253226447772393,0.04625533482261787,0.005427677681349221,0.1611593253896245
0.0041240415867989004,279.86500705120545,0.508113492984298,0.03623152229911376,-0.44185738843551187,2.6151263779452987,0.0,0.0,225.10324790234478,245.71555418011098,628.2936951744929,0,2.1471424060625197,1.1395642563940638,0.6952462637181536,0.07107775431081301,0.0775862185601866,0.19838765240748119
0.005154075339611635,246.8528137423857,0.8162242436865004,0.04050423600976152,-0.40231523839952193,1.205420931896915,0.0,0.0,289.63823334757245,44.20567321197995,374.71263603868925,0,1.2713491662455785,1.0325922182920666,0.7577468404357878,0.07317792656583437,0.011168689543198572,0.09467221729123024
0.01109727893991166,375.7056274847714,0.7586753846813039,0.059433774878540714,-0.35374360226474016,1.3896131580714304,0.0,0.0,559.4595821431243,152.25335452985803,915.5374596947225,0,1.4229054212626144,1.0504576390518658,0.7616509055204803,0.06564885967415211,0.017865918156519365,0.10743222948776374
0.0053676348029002416,257.4386001800126,0.7815747509268318,0.04133486691870834,0.10530801302139305,1.5486752938635882,0.0,0.0,218.5040597063697,-31.454040413671287,512.7605669016399,0,1.252304706453178,1.0402717127607957,0.7730844647653923,0.05300923331061856,-0.007630771570517052,0.12439606183931098
0.0161263438619885,451.3624817342638,0.763870773791605,0.07164617700387252,0.24141901641765132,1.189319766676593,0.0,0.0,860.1937742456721,-80.85297117978352,1168.6613709852757,0,1.3483527131782946,1.0549095607235142,0.7744888441214337,0.06946009158960531,-0.006528825192165982,0.09436865075785494
0.0033336111342611888,208.20815280171308,0.7420862197771124,0.032574858107560445,0.7311705224778071,1.4348942481081244,0.0,0.0,215.7415159606932,-77.13581558227541,232.53900131225572,0,1.67578125,1.066796875,0.7608841826275002,0.08427402967214578,-0.030131177961826332,0.09083554738759989
0.008056660971747644,325.60512242138304,0.7333436281516234,0.05064103905863683,-0.5350155476972261,1.3613688591756254,0.0,0.0,466.24637084661305,142.82292702292992,622.5793520196429,0,1.632616777113302,1.0408921933085502,0.7443500409602124,0.07535903844296316,0.023084358658951015,0.1006270166509848
0.009334111175931328,362.6345596729059,0.684966732627836,0.05450816329723053,-1.1645327615411507,1.805895481484723,0.0,0.0,942.5786901785401,266.05891319197036,438.57662416964166,0,1.57421875,1.0655691964285714,0.7653864392615162,0.13149814316106864,0.037117593916290506,0.06118535493438081
0.000618541128427369,88.66904755831214,0.759205571683995,0.014031669757719831,0.45597887602711934,1.4837708835349415,0.0,0.0,33.48433905817175,-12.900857617728523,53.461203324099706,0,1.6168421052631579,1.0589473684210526,0.7367553222204702,0.07049334538562474,-0.02715970024784952,0.11254990173494675
0.000612030169180765,95.11269837220809,0.6528760182121365,0.013957623490156749,-0.29166629025792307,2.1080729713743387,0.0,0.0,24.126306020823897,17.811412403802628,78.10502942507924,0,1.5191489361702128,1.097872340425532,0.7420344293432757,0.05133256600175297,0.03789662213575027,0.16618091367038135
0.00575178139844987,269.27922061357856,0.7654760021370319,0.0427884199555747,0.10610175197631729,1.3491556219630665,0.0,0.0,276.53679270035826,-23.66819488311803,496.2491081317788,0,1.473851030110935,1.0350916911931174,0.7467398096942144,0.0626073789224266,-0.00535843216733485,0.11234980940271198
0.001579558713226102,153.94722215136414,0.6431717360256983,0.02242296042514492,1.4528377234048693,1.387902088734396,0.0,0.0,136.3685207449661,-7.714906321935551,72.18292624080026,0,1.3849958779884584,1.0643033800494641,0.7664494273092953,0.11242252328521525,-0.006360186580326093,0.059507771014674575
0.001201923076923077,127.63961030678928,0.7119354618065123,0.01955975454388567,1.3810420415697169,1.666270373739647,0.0,0.0,128.09782974872317,-15.53537207912866,50.195638368925145,0,1.5926327193932828,1.0509209100758397,0.7333061919551568,0.13878421424563725,-0.01683138903480895,0.05438314016134902
0.0023634782065172096,178.36753236814712,0.7168939003034843,0.02742842465243607,0.462404057370664,1.5559861477580819,0.0,0.0,127.4161570627386,-56.35516547898213,212.38772822135698,0,1.5603305785123966,1.0512396694214876,0.7339854430672595,0.07020173942850612,-0.031049677949852413,0.11701803207788264
0.002235863405283774,178.50966799187808,0.6771060194541578,0.026677657806831182,0.008132460533364404,1.9008674026417185,0.0,0.0,76.35601910254408,-1.62240692190771,275.83609585735024,0,1.5899825276645312,1.056493884682586,0.7394865251161709,0.0444705993608294,-0.0009449079335513745,0.16065002670783357
0.001586069672472706,151.88225099390854,0.6635033229484792,0.022469126750373485,-0.6897509500156801,1.3208236773522914,0.0,0.0,107.98977367403563,30.326364790862865,119.7359314712806,0,1.7364532019704433,1.0755336617405582,0.6946172065922163,0.08866155474058755,0.024898493260150135,0.0983053624558954
0.00014324110342528543,48.8700576850888,0.5787844383997326,0.006752411371365284,-0.5984575441401797,3.6249968335659677,0.0,0.0,12.118677685950416,14.110578512396694,23.190826446280987,0,2.290909090909091,1.1454545454545455,0.7595237393056734,0.11016979714500379,0.1282779864763336,0.2108256949661908
0.0029247228935744647,200.65180361560903,0.7010249582466259,0.030511771685249853,-0.4146860599606334,2.0608081690505484,0.0,0.0,134.54795286604303,105.4935430871861,327.74978769023625,0,1.6473731077471059,1.0605520926090828,0.7731000957559913,0.05990558898755255,0.04696952051967324,0.14592599630019423
0.0010456600550045837,118.5685424949238,0.7177718908671407,0.018244010882901965,-0.6420383434691485,1.6034665697770487,0.0,0.0,65.98348968454223,31.801024799591822,84.73615907966543,0,1.6562889165628891,1.066002490660025,0.7415977510032337,0.08217122003056318,0.03960277060970339,0.10552448204192456
0.010375864655387949,499.5462479183373,0.4012432936904622,0.05746947274436189,0.3846949802735966,2.9774585035724765,0.0,0.0,495.4324148375628,-643.1056600271567,1823.4971718576112,0,1.9721385542168675,1.1416917670682731,0.7115485883263291,0.062177762906320634,-0.08071105171023553,0.22885255670903754
0.0015157513126093842,142.3259018078045,0.7220960274768149,0.021965396144837095,-0.6787365701508913,1.207749604631181,0.0,0.0,97.6669759154946,18.538808144684182,105.69869495518476,0,1.5146048109965635,1.0652920962199313,0.7282437532849293,0.08390633669716031,0.0159268111208627,0.09080643896493536
2.6043836986415537e-05,14.242640687119284,1.2389643882700017,0.002879237883005697,0.8357590823919847,1.5501388605333344,0.0,0.0,1.7899999999999996,-0.705,1.6475000000000002,0,1.25,1.05,0.7982699482489146,0.08949999999999998,-0.03525,0.082375
0.010355029585798817,375.9066376115481,0.7071739375429213,0.05741174347540237,-0.41844872764268054,1.243185342779893,0.0,0.0,580.2860108177991,107.81921532654178,774.7840129148886,0,1.5077967806841046,1.0862676056338028,0.7509889420316774,0.07297359290968299,0.013558754442472558,0.09743259719754636
0.0020796003833652805,155.82337649086287,0.8265127523481299,0.025728532047840775,-0.9298878997128082,1.2587320980026855,0.0,0.0,142.86933742783998,29.092421254786984,125.57088372884503,0,1.5967438948027552,1.0306825297432687,0.7634223360894092,0.08946107540879147,0.018216920009259226,0.07862923214079214
0.015402325193766149,481.0609665440988,0.6422748861555421,0.07001937145814317,1.4156145877333715,1.4834453818497957,0.0,0.0,1490.4625518107073,-125.81234355430884,705.9210364623178,0,1.619377747717281,1.1685830233344605,0.7261801400784116,0.12601137570262996,-0.010636823093871223,0.05968219787473096
0.0007578756563046921,99.35533905932738,0.740884363727736,0.01553188056546316,0.4351504019958715,1.7509009045203667,0.0,0.0,38.55002007534157,-22.26649425490962,76.09737721566822,0,1.443298969072165,1.0274914089347078,0.7367288019602667,0.0662371478957759,-0.038258581194002786,0.1307515072434162
0.007847008084007,316.350288425444,0.7566630416302818,0.04997779757155725,0.6979406712635597,1.268747372718328,0.0,0.0,485.29161092396487,-116.38258320593054,526.426091098326,0,1.4293063391968137,1.0632260205774975,0.7657174358458404,0.0805329589983347,-0.019313405775959268,0.0873591256386203
0.0037047358113176097,222.55129855222071,0.7218249167180418,0.03434026840957306,-0.5770106211378443,1.3687535983220287,0.0,0.0,218.0214768301309,69.10511111591573,279.2085304900839,0,1.6126537785588753,1.0713532513181019,0.7507387486428724,0.07663320802465058,0.024290021481868446,0.0981400810158467
0.017941599299941664,483.4041122946064,0.7409269012121478,0.07557108197663713,-1.4230940747124903,1.721317644513635,0.0,0.0,1888.3392166360036,184.75343532486104,674.086830594997,0,1.418928726956017,1.0408622441573523,0.7736966633138115,0.13705466806764433,0.013409307252493907,0.04892486794854093
0.003203391949329111,199.82337649086287,0.7741986057333662,0.031932292852111646,-1.411892909170097,1.3797572905763913,0.0,0.0,269.1696800846058,20.204602088703783,146.3293533941436,0,1.43739837398374,1.0459349593495935,0.7787510901445777,0.10941856914008365,0.008213252881586903,0.05948347698948927
0.017329569130760898,464.47518010647184,0.7751712065073774,0.07427094437010098,1.377323440350715,1.2236610079493382,0.0,0.0,1307.5904326651662,-82.96631750687008,900.3828828595341,0,1.357078449053201,1.0546287947099489,0.7688057628379462,0.09825596879058958,-0.006234319019151644,0.06765726501799926
8.98512376031336e-05,37.55634918610404,0.6147410549955812,0.0053479470093603385,-1.165942138560389,3.0777448816342705,0.0,0.0,16.508296576349508,6.207099348876287,4.683469859273261,0,1.9565217391304348,1.2173913043478262,0.6924369947221123,0.2392506750195581,0.0899579615779172,0.06787637477207625
0.003471643470289191,207.92388155425118,0.7749278353765899,0.03324241925459777,0.6536847469235164,1.1608353341743682,0.0,0.0,209.06397037181281,-31.081094823593382,225.8287552008031,0,1.3923480870217555,1.0506376594148537,0.774818810543138,0.07841859353781426,-0.011658325140132552,0.08470695994028624
0.0005755687973997833,93.59797974644667,0.6340144901732296,0.013535480722577469,0.2753278559400608,1.0726978088672006,0.0,0.0,38.101963514260575,-1.485493745009314,42.94064413095557,0,1.6470588235294117,1.1063348416289593,0.6834195561870153,0.08620353736258049,-0.0033608455769441495,0.09715077857682256
0.01101524085340445,411.9482681718907,0.6263881398711396,0.059213681377990775,-1.2572210015190999,1.6485823348156299,0.0,0.0,1072.8373032925685,211.69835415798983,488.6481972297521,0,1.5880127674666036,1.1166804586830594,0.7635530879195147,0.1268279114898414,0.025026404321786242,0.05776666239859937
0.00026825152096008004,60.870057685088796,0.6986660781127364,0.009240514655874521,1.3421919291039448,1.1511368082393925,0.0,0.0,20.860967103402775,-1.144122914506551,16.209845414270905,0,1.5679611650485437,1.1407766990291262,0.7015082896090942,0.1012668305990426,-0.005553994730614326,0.07868856997218886
0.017507969414117842,505.2447327281724,0.6618614422917345,0.07465225885073498,0.6476094606775007,1.7275245868486906,0.0,0.0,1119.6736561900261,-620.7129221608737,1470.7142349096307,0,1.704871699516549,1.1032354034957232,0.7481838122219392,0.08327807037486248,-0.04616682202758451,0.10938744774337157
0.0015313776148012334,134.5269119345812,0.8165801895283907,0.022078329517238968,-0.2430036110725182,1.3109616428454287,0.0,0.0,76.2709974721181,12.289507554722583,122.79834501827936,0,1.2066326530612246,1.0433673469387754,0.7656698537099776,0.06485629036744736,0.010450261526124646,0.1044203614101015
0.001188901158429869,118.76955262170047,0.8133367581999876,0.019453508486223983,-1.365494229691228,1.2947718413518932,0.0,0.0,94.52030485778621,7.7415762822273875,58.95544340060628,0,1.2157721796276013,1.0503833515881709,0.7685539298552959,0.10352716851893343,0.008479273036393634,0.06457332245411422
0.000583381948495708,82.97056274847714,0.817786254551245,0.013627040824307633,-0.17061426868770443,1.785655776656269,0.0,0.0,21.624920280612248,7.448999521683673,63.57696408641582,0,1.1651785714285714,1.0357142857142858,0.7708617715145603,0.04826991134065234,0.01662723107518677,0.14191286626432104
0.0011745770480873405,123.1543289325507,0.7473379516742513,0.019335963552168125,0.9305217415598106,1.3930390415372416,0.0,0.0,89.45032349890121,-25.115521801761066,74.44721633620284,0,1.516629711751663,1.0521064301552105,0.7260734361575626,0.0991688730586488,-0.027844259203726237,0.0825357165589832
0.00534810192516043,260.69343417595167,0.7594066232051088,0.041259589371407085,1.0059499020305227,1.5488260209311275,0.0,0.0,427.93553737734743,-135.46327165417844,300.0231851301284,0,1.4784514243973703,1.0318967616264914,0.7738002522511241,0.10419662463534148,-0.03298350904654941,0.0730516642634839
0.004019866238853237,216.5929291125633,0.826909429588697,0.03577098216380753,-1.3561752185299554,1.103159199517849,0.0,0.0,275.2515925956356,10.294684051293432,230.26758460954525,0,1.5626822157434401,1.0272108843537415,0.767005928205741,0.08916475302741678,0.003334850680691102,0.0745926739907824
5.338986582215185e-05,23.071067811865476,0.9679620470938507,0.004122441280748218,-0.32448860636452576,1.286841830175682,0.0,0.0,2.8970850684116605,0.5383700178465199,4.316478286734086,0,1.3658536585365855,1.0975609756097562,0.7331801425420978,0.07066061142467464,0.013130976045037072,0.10527995821302649
0.0038115155429619134,245.72287142747453,0.6091740898292847,0.03483163904653291,-0.9672861240372591,1.7695548768858278,0.0,0.0,339.8764648818787,138.4519394551091,234.4536482724078,0,1.7587974034847966,1.0994192005466348,0.7436462996108393,0.11611768530299921,0.04730165338404821,0.08010032397417417
0.001084725810484207,139.39696961967,0.5387015189913079,0.018581683165845016,-1.3071064168199626,2.5908382248532162,0.0,0.0,178.49341609392852,40.569439780714205,39.17593447943401,0,1.8799519807923168,1.1188475390156063,0.7119990138679746,0.21427781043688898,0.04870280886040121,0.04702993334866028
0.015819026585548797,452.2741699796952,0.7462959361027371,0.07096021809425614,1.1685393831715827,1.1661446001425682,0.0,0.0,1125.8772334368816,-111.87764671455753,910.516974220591,0,1.5079025353967732,1.0524366150806717,0.754506344484226,0.09268004885058295,-0.009209552742390313,0.07495200643896864
0.0012175493791149261,120.76955262170047,0.8055760756789443,0.01968649294031868,0.39217076064441264,1.3409148757995668,0.0,0.0,64.14868483513969,-16.193002945465988,96.6032039806686,0,1.2834224598930482,1.053475935828877,0.7585605022442383,0.06860821907501571,-0.01731871972777111,0.10331893473868299
0.0017006625552129346,143.1543289325507,0.8008368893360731,0.023266665089497977,-0.006910692509170738,1.5491426175044811,0.0,0.0,68.39478118426206,0.6615778513117686,164.1211823624736,0,1.3016845329249618,1.042113323124043,0.7704382936052413,0.052369664000200655,0.000506568033163682,0.1256670615332876
0.0016759209100758396,149.0538238691624,0.7279510333646709,0.023096800517371997,-1.4327362126100094,1.4465999585970895,0.0,0.0,155.51196744203733,11.178931143966109,76.60884742469821,0,1.5454545454545454,1.0481740481740482,0.7408444038312357,0.12083291953538254,0.00868603818489985,0.05952513397412448
0.0001797024752062672,47.55634918610404,0.766782046921488,0.007563139191490024,0.19393095767300303,1.2438891653260191,0.0,0.0,9.990180634320522,-1.0132850241545894,14.950483091787438,0,1.5072463768115942,1.0942028985507246,0.7081784897956073,0.0723926132921777,-0.007342645102569489,0.1083368339984597
0.00045706933911159265,90.18376618407356,0.542325773637377,0.0120619106824214,0.4623468786470938,3.5026308244923934,0.0,0.0,26.440937979399518,-36.689458689458704,81.77397910731244,0,2.034188034188034,1.1168091168091168,0.7679358383076668,0.07533030763361687,-0.10452837233464018,0.2329742994510326
0.003773751979331611,218.3086578651014,0.7641283729669691,0.03465865783649015,0.5728104485352047,1.3832843105031543,0.0,0.0,216.72684202855686,-71.09605182127467,281.1106491185707,0,1.4761904761904763,1.0524499654934438,0.76628569097859,0.07478496964408449,-0.024532799110170693,0.09700160425071452
0.0031109363280273357,197.9827560572969,0.7658986120351795,0.031468107482011065,-0.3806514220486041,1.1738438947774796,0.0,0.0,175.63976969229526,21.7601443829776,221.30953734685676,0,1.2624529091670156,1.0611134365843449,0.7619844232714507,0.07352020497793858,0.009108473998734868,0.09263689298738248
0.002466351362613551,172.5685424949238,0.7992204291480999,0.028018993942016485,0.14507933658079583,1.235900429644108,0.0,0.0,126.66664501582835,-9.453144426516689,189.9861386315257,0,1.3067581837381204,1.044350580781415,0.7644969364209835,0.0668778484772061,-0.004991100541983468,0.10030947129436416
0.008765053337778148,418.2914139223983,0.4834277254602702,0.05282048021689141,-0.591114137132902,2.4572252827928023,0.0,0.0,641.7425483807887,583.3306827710136,1119.3527122162825,0,2.010102510771059,1.2590996880106968,0.6841925443108288,0.09534133834211687,0.08666330155564012,0.16629812987910897
0.006208850737561463,281.22034611053283,0.7576220987626869,0.04445602964284299,-0.44777666261622634,1.2065687300845502,0.0,0.0,355.25068901738666,58.22145134931982,448.50092615303095,0,1.5119546979865772,1.0731963087248322,0.754634692872269,0.07450727538116331,0.012210874863531842,0.09406479155894105
0.011089465788815735,447.5756851698602,0.5342106556430681,0.05941284872043233,-1.155813060362326,1.321746861898626,0.0,0.0,858.8018579565426,145.60773495518404,592.4526050458218,0,1.5265382808830437,1.0674025364020667,0.7622278412791343,0.1008456855280111,0.017098137030904657,0.0695693524008715
0.004285513376114676,245.095454429505,0.6884418018751719,0.03693401244097607,-1.2169335347360666,1.4617649973407902,0.0,0.0,378.70533958113987,69.95815553980403,215.1717807956859,0,1.5010635065329687,1.0659374050440595,0.7432152465782339,0.1150730293470495,0.0212574158431492,0.06538188416763473
0.0014844987082256857,139.25483399593907,0.7387443213864232,0.021737769316452465,0.510342748275511,1.1739915501526568,0.0,0.0,88.70493690366266,-13.117556171129554,104.79382194521386,0,1.436842105263158,1.0570175438596492,0.7459338991001898,0.07781134816110759,-0.011506628220289082,0.09192440521509988
0.005723133177764813,263.1370849898476,0.7976357757578325,0.042681727594241006,-0.6329072492296494,1.1420263071381156,0.0,0.0,344.14312882697135,45.12917564561034,372.5567515055505,0,1.3488054607508533,1.0382252559726963,0.7733038432821231,0.0783033285158069,0.01026829935053705,0.08476831661104675
0.004831131760980082,252.0071426749364,0.7341048159469805,0.03921475488864448,-0.15326712609500345,1.2752546294110236,0.0,0.0,250.36734613959504,23.31713079678291,397.7061616814758,0,1.6415094339622642,1.0493261455525607,0.7368394080187293,0.06748445987590163,0.006284940915574908,0.10719842632923876
0.006531794316193016,294.350288425444,0.7275091509353162,0.04559752959715394,-0.44914580899270073,1.5167251328741156,0.0,0.0,345.2005067039063,141.01372068710265,569.7899912862571,0,1.5502392344497609,1.0356858054226474,0.7455691173067175,0.06881987773203874,0.02811278323108107,0.11359449587046593
0.002769762063505292,187.6812408671319,0.7588145008842633,0.029692467852816658,0.9996167568636616,1.3974212157551786,0.0,0.0,208.30335916593003,-53.9118022496706,159.05699240671524,0,1.5105782792665727,1.0427832628114715,0.7646450366234834,0.09793293801877294,-0.025346404442722428,0.07477996822130477
0.003476852237686474,212.36753236814712,0.7439519456444057,0.033267347956454835,-0.8756601139500257,1.143442892965705,0.0,0.0,235.31071609925803,30.124176240373654,224.31473930059337,0,1.392134831460674,1.0299625468164795,0.7326679899027386,0.0881313543442914,0.0112824630113759,0.08401301097400501
0.002694234936244687,197.76955262170046,0.6647395097555765,0.02928483593787814,-0.3682102479548869,1.3627347717939493,0.0,0.0,140.07021602000205,36.28498834669816,220.1211938718373,0,1.252779120347994,1.0729821169647173,0.7526846527402691,0.06769947608506624,0.01753745207670283,0.10639013720243466
0.005719226602216851,269.03657992645924,0.7625169964915581,0.0426671579650081,1.2065950193886699,1.3469270641531226,0.0,0.0,454.30162842649855,-71.95993336120326,292.96461441733754,0,1.482695810564663,1.0466757741347905,0.7675024947574576,0.10343843998781843,-0.01638431998205903,0.0667041471806324
0.0024272856071339277,176.8528137423857,0.7489137845494069,0.02779620487301016,1.215258000741651,1.480864943450036,0.0,0.0,211.0305100365636,-40.105592580909565,117.91354343191072,0,1.4967811158798283,1.0649141630901287,0.7636283523587685,0.1132137929380706,-0.02151587584812745,0.06325833875102507
0.004622781065088758,246.49242404917499,0.7342282081373881,0.03835983465398391,-0.297346738390361,1.2386742509869604,0.0,0.0,251.1915785756793,35.94855116048404,357.48931751636553,0,1.7,1.051830985915493,0.7457993403679524,0.07075819114807867,0.010126352439572968,0.1007012162017931
0.0011042586882240187,123.49747468305833,0.6986980997397416,0.01874823878037746,0.04118017161294293,1.4590077903287428,0.0,0.0,49.61457452607689,-2.299091647383399,105.31834616411535,0,1.5047169811320755,1.0695754716981132,0.7335656571562467,0.058507752978864264,-0.002711192980404952,0.12419616292938132
0.005543430702558546,285.6639969244288,0.6555449820285114,0.042006294718757824,-0.6048850083476731,1.3665197975307783,0.0,0.0,322.63189322576045,102.22734873964869,399.82888005655445,0,1.595959595959596,1.0566126380079868,0.7727484949911645,0.07578855842747485,0.024013941446945897,0.09392268735178634
0.01265730477539795,473.3624817342638,0.5451154140193033,0.06347397295309685,0.10072516886678655,1.1659438564689244,0.0,0.0,700.3745224199394,-25.09341782883711,946.1229003772286,0,1.3232510288065844,1.0810699588477366,0.7466443438432931,0.07205499201851227,-0.002581627348645793,0.09733774695238977
0.001731915159596633,144.12489168102786,0.8046064638597439,0.023479474383622516,-1.1426970278668145,1.5011454917245022,0.0,0.0,145.64292837356552,33.84033240997233,86.92623438294987,0,1.4736842105263157,1.0345864661654136,0.7746388053718041,0.10950596118313197,0.025443858954866415,0.06535807096462397
0.009920097508125678,357.56349186104046,0.7487632017824826,0.05619310552677784,1.3411534013082185,1.3749116501436136,0.0,0.0,826.8672033964134,-88.48482994188024,469.03439989686063,0,1.4019427671304805,1.048569178262011,0.7723771505058393,0.10854124486694847,-0.0116152310241376,0.061569230755691866
0.006798743645303775,293.1370849898476,0.763522830351284,0.046519966852196004,0.49489446929434155,1.1213780219805336,0.0,0.0,408.281914627258,-41.52685009608438,462.81573871757774,0,1.3997318521356061,1.060141735299751,0.7541199076764032,0.07819994534136335,-0.007953811548761612,0.08864503710353912
0.0032099029085757144,243.1370849898476,0.5239916621962649,0.031964727896382196,0.6907701401385669,2.562004778309551,0.0,0.0,272.8406512267073,-228.77246793856386,360.4826871947631,0,2.1914807302231236,1.1740365111561866,0.7181835975917954,0.11068586256661553,-0.09280830342335249,0.14624044105264225
0.0014037628135677974,131.88225099390857,0.77885376304629,0.021138391173781496,-1.0885650003502896,1.7531967210961374,0.0,0.0,131.62700803040056,42.67953607484487,72.43258232623458,0,1.50278293135436,1.0408163265306123,0.7671848658504155,0.12210297590946248,0.039591406377407115,0.06719163481097827
0.001698058171514293,148.9116882454314,0.7389752289175312,0.023248843053110625,-1.489436977905421,1.5326952963173575,0.0,0.0,163.46547139053038,7.633363835673152,70.47217386804175,0,1.303680981595092,1.0544478527607362,0.7612668186966146,0.12535695658783005,0.005853806622448736,0.05404307811966392
0.0037984936244687055,212.16652224137044,0.8143152683661098,0.034772087559916336,-1.1506688106597567,1.207807550972139,0.0,0.0,273.3559911288066,33.78409931073258,212.82212801224702,0,1.401097017483716,1.0315392526568392,0.763389775471226,0.09371134423339272,0.011581796129836331,0.07295924854722215
0.00543144220351696,266.99494936611666,0.7352651159653963,0.04157982382857485,-1.0274117478432552,1.0917685463485014,0.0,0.0,364.4280821309539,27.142240657584722,335.88854255683395,0,1.4025413569887317,1.0671301846080077,0.7473560111336679,0.08737187296354684,0.006507370092923692,0.08052949953412467
0.0019012001000083339,166.02438661763952,0.6656086404379967,0.024600219256060794,-0.9222999071866248,1.8374658011798348,0.0,0.0,174.71404391067742,79.64115969225001,129.97844389191218,0,1.7705479452054795,1.0671232876712329,0.7132750273479389,0.11966715336347768,0.05454873951523974,0.08902633143281656
0.0076738165680473374,415.45079348883235,0.4290492227411782,0.049423189682278046,-1.4658318239771961,1.5949606486952728,0.0,0.0,794.2804222676996,50.56427150753282,319.6505585538406,0,1.3439674189716613,1.0943492278975055,0.7346654174787547,0.13478371326450017,0.008580395640171868,0.05424241618086553
0.001487103091924327,151.84062043356596,0.6224436326374552,0.021756829179225445,0.0937741943703679,1.7730800273078324,0.0,0.0,58.69917893761827,-11.515047187316929,180.0515188273867,0,1.5604203152364273,1.084063047285464,0.6986718729129783,0.05140033181928045,-0.01008322871043514,0.15766332646881498
0.0037763563630302524,216.85281374238568,0.7749572375557079,0.034670615283054804,-1.3567747025521737,1.3458443880844615,0.0,0.0,317.2986321046373,30.104890844233065,185.33338216409024,0,1.38,1.053448275862069,0.7532510882209004,0.10941332141539217,0.010380996842838988,0.06390806281520353
0.0019064088674056172,151.25483399593904,0.8041413860903326,0.024633895136653712,1.415679281170727,1.1531701782851074,0.0,0.0,137.46602195870287,-5.234922287915438,104.80752635193647,0,1.2882513661202186,1.0471311475409837,0.7630282273160837,0.09389755598272054,-0.0035757665901061737,0.0715898404043282
0.0006771397616468039,92.08326112068522,0.7706404925700865,0.014681290149721627,0.8109276151816961,1.0684362567463965,0.0,0.0,43.61094674556212,-2.8692307692307693,43.31769230769232,0,1.6173076923076923,1.0961538461538463,0.7493786328599962,0.08386720527992715,-0.005517751479289941,0.08330325443786984
0.0027723664472039337,178.0243866176395,0.8441634205435108,0.029706424360216165,-0.07149460619177776,1.2355961510821243,0.0,0.0,138.73318182490078,5.192405266598436,210.86406534292036,0,1.3348990136214185,1.0295913574448097,0.7783311973394993,0.06516354242597501,0.0024388939720988425,0.09904371317187428
0.0002552296024668722,55.45584412271571,0.800887093160054,0.009013440281710654,-1.0275838664438028,1.994699837535129,0.0,0.0,25.490108288213243,10.555601832569762,14.381820074968763,0,1.530612244897959,1.0459183673469388,0.7668640354835528,0.13005157289904715,0.05385511139066205,0.07337663303555492
0.0010977477289774147,133.05382386916236,0.5983877826450423,0.018692885134973563,0.6485710722178089,1.3883371599779828,0.0,0.0,76.77233908722872,-25.610643228935796,91.14996010688819,0,1.9940688018979833,1.1043890865954924,0.6616041473958939,0.09107039037630928,-0.030380359702177694,0.10812569407697294
3.5159179931660974e-05,18.242640687119284,1.0195257983459982,0.003345372111195169,-1.212360382432938,1.9104263217353978,0.0,0.0,3.8024691358024687,0.9958847736625515,1.5171467764060356,0,1.2962962962962963,1.1111111111111112,0.7720773792063691,0.14083219021490626,0.036884621246761166,0.05619062134837169
0.00039326193849487453,71.59797974644667,0.7403128209252732,0.011188349426198684,-1.0318569161172715,1.910411376474105,0.0,0.0,38.80908732073154,15.345138371124076,22.32406473400289,0,1.6986754966887416,1.0894039735099337,0.7514594645720702,0.12850691165805148,0.05081171646067575,0.07392074415232744
0.0001237082256854738,39.89949493661166,0.7498919176766905,0.006275153483217909,0.8356581407866117,1.1390259722752847,0.0,0.0,8.614958448753464,-1.0952908587257622,8.394016620498613,0,1.5157894736842106,1.1473684210526316,0.704084393912527,0.09068377314477331,-0.011529377460271181,0.08835806968945908
0.0012136428035669639,127.25483399593904,0.7232312760245995,0.01965488495695604,-1.478297371081797,1.8247786550057126,0.0,0.0,139.36350250511148,9.02209816905819,42.94146489159866,0,1.361587982832618,1.082618025751073,0.7581528823136602,0.14953165504840288,0.009680362842337113,0.046074533145492126
