Area,Shape Factor,ECR,Orientation,Scale Factor,Inertia Tensor XX,Inertia Tensor XY,Inertia Tensor YY,Aspect Ratio,Compactness Ratio,area-to-ellipse Ratio,Inertia Tensor/Area XX,Inertia Tensor/Area XY,Inertia Tensor/Area YY,I_Principal_Max,I_Principal_Min,I_Anisotropy,I_Area_Principal_Max,I_Area_Principal_Min,I_Area_Anisotropy
0.0020509521626802,0.8502769917979721,0.0255507015455768,2.9011005628303983,1.176706809875011,110.68334230284702,9.637962207105051,147.62013605442178,1.28,1.0266666666666666,0.7722975931141193,0.0702751379700616,0.0061193410838762,0.0937270705107439,149.98373377029984,108.31974458696894,1.384638916406226,0.09522776747320615,0.06877444100759934,1.3846389164062243
0.0028843549462455,0.6287156882288097,0.0303004735054267,0.4263884950399976,1.5783960944027158,158.12358789089373,-70.74942955123335,281.7327020265071,1.8329571106094809,1.11196388261851,0.6961749143035175,0.0713876243299746,-0.0319410517161324,0.1271930934656917,313.8711332876476,125.98515662975328,2.4913342308257467,0.14170254324498757,0.056878174550678694,2.491334230825745
0.0022072151845987,0.7721965179123398,0.0265061957699091,0.4378877575856091,1.3468247356140544,116.53442973869002,-31.77485577048581,169.52295368122455,1.3238938053097344,1.0536873156342184,0.7737485065280523,0.0687518759520295,-0.0187462275932069,0.1000135419948227,184.40002691487078,101.6573565050438,1.8139368684618673,0.10879057635095611,0.05997484159589607,1.8139368684618649
0.0014428285690474,0.7898645828087025,0.0214305062375158,0.4211485477946911,1.3346010345183972,77.01801795931136,-19.854201149500184,112.4465871769474,1.2951263537906137,1.0568592057761732,0.7616688484874762,0.0695108465336745,-0.0179189541060471,0.1014860895098803,121.34029351985329,68.12431161640548,1.781159921337576,0.10951290028867625,0.06148403575487857,1.7811599213375764
0.0039169930827568,0.7648476602549313,0.0353103047615712,1.3832372101996746,1.1008113395384485,268.60166760535736,-8.652291473623498,224.65498641477333,1.5342420212765957,1.0701462765957446,0.7657994133640484,0.0892957671560363,-0.0028764266867099,0.0746858332495922,270.2437847583548,223.01286926177585,1.211785605256433,0.08984168376275085,0.07413991664287763,1.2117856052564318
0.000994874572881,0.8323752688549065,0.0177954604340804,2.427319609442701,1.254509584250969,62.553397659055406,14.25516707327101,66.63657794468352,1.513089005235602,1.0471204188481675,0.7583058568694633,0.0818761749464076,0.0186585956456426,0.0872206517600569,78.99560857314546,50.194367030593476,1.5737942969775398,0.10339739342034733,0.06569943328611717,1.5737942969775365
0.0009401825152096,0.7816137468793984,0.0172994043079048,0.8602464619537054,1.225761457986221,63.06839266119812,-12.158182487856896,59.400879367101226,1.554016620498615,1.0789473684210529,0.7522404234981508,0.0873523444060915,-0.0168395879333198,0.0822726861040183,73.53032895308664,48.938943075212705,1.5024911518845065,0.10184256087685126,0.06778246963325854,1.5024911518845072
0.0026108946578881,0.7915710999210256,0.0288283468376222,1.7531210314224046,1.5683728711694196,249.8048022089414,26.96053009620589,108.54677620164053,1.5037406483790523,1.03142144638404,0.771411173028609,0.1245909237949832,0.0134466484270353,0.0541380429933369,254.77557532230486,103.57600308827706,2.4597934630202087,0.12707011238020186,0.05165885440811824,2.459793463020207
0.0022527918993249,0.6958662556136053,0.0267784602445676,0.5065080165482284,1.3747507933176817,130.4865501687326,-40.73119649837955,181.30781148718629,1.7132947976878612,1.0780346820809248,0.7289918479955488,0.07542575154262,-0.0235440442187165,0.1048022031717839,203.9047897945519,107.88957186136703,1.8899397437275947,0.11786404034367154,0.062363914370732354,1.8899397437275942
0.0007682931910992,0.7917433223191723,0.0156382645525194,1.0801638442230102,1.582995152141253,68.18575122091355,-19.65119218615341,41.8972852628555,1.3983050847457628,1.0372881355932204,0.7418708453693609,0.1155690698659551,-0.03330710540026,0.0710123479031449,78.68343472393248,31.399601759836557,2.5058736517027103,0.133361753769377,0.053219663999722965,2.5058736517027094
0.0038037023918659,0.8025312641805211,0.0347959203848939,1.4241953902245066,1.243306653416191,292.9473555657886,-15.061093562640815,193.1730116390289,1.5453611776788772,1.044847654912701,0.7689812172473947,0.1002900909160522,-0.0051561429519482,0.0661324928582776,295.1712809407536,190.9490862640639,1.545811434428969,0.10105144845626617,0.06537113531806364,1.5458114344289686
0.0018478102341861,0.8474886593182362,0.0242523455635335,1.674327491594147,1.1259495629463048,128.68587840149863,2.800184846647308,102.02674763764298,1.3530655391120507,1.0458069062720226,0.7742294153354833,0.0906877226226205,0.0019733508433032,0.0719004564042586,128.97682506745218,101.73580097168943,1.2677624182989748,0.09089275903273575,0.07169541999414336,1.2677624182989733
0.004104508709059,0.8262148717764488,0.0361456179919637,1.7747921580194157,1.3429823096167437,334.3024358879383,30.099528500154594,195.0319327306487,1.2436548223350254,1.0352157360406091,0.776930413569662,0.1060604174771377,0.0095493427982723,0.0618756131759672,340.5292293539189,188.80513926466807,1.803601483943523,0.10803592301837515,0.059900107634729735,1.8036014839435206
0.0001211038419868,0.8946747694263826,0.0062087478737059,0.5550893958105759,1.4266601703571833,7.087987050526073,-2.5527806682853504,9.621459128222918,1.4193548387096775,1.086021505376344,0.7401001147927874,0.0762149145217857,-0.0274492544976919,0.1034565497658378,11.204514192681682,5.504931986067309,2.0353592416835875,0.12047864723313631,0.0591928170544872,2.035359241683586
0.0048142032669389,0.79219319011342,0.039145989500394,2.19172891730091,1.267697843189838,334.6943183066137,68.59624099224686,287.86626459295724,1.3624560454422503,1.048688125507168,0.7632780262980657,0.0905313276458246,0.0185545688375025,0.077864826776564,383.76243360851777,238.79814929105314,1.6070578216281675,0.10380374184704287,0.06459241257534572,1.6070578216281663
0.0011511375947995,0.7856209188449751,0.0191420604111086,0.2401424794412653,1.3562568441901368,56.49953292315882,-10.459832671321228,96.65451541737474,1.4479638009049771,1.0588235294117647,0.7552546831614961,0.0639134987818538,-0.0118323898996846,0.109337687123727,99.21579079501328,53.93825754552029,1.839432627412589,0.11223505746042216,0.06101612844515865,1.8394326274125885
0.0064093882823568,0.7720871736925397,0.0451682593716509,2.6567329112040534,1.4901206924061352,337.1223144854944,134.10884569705925,521.0442346769706,1.4205607476635511,1.0570906135717189,0.7747230278047869,0.0684929529633267,0.027246819523986,0.1058602671021882,591.6932394540152,266.47330970844996,2.2204596779369394,0.12021398607355031,0.05413923399196459,2.22045967793694
0.0021616384698724,0.6706264447910866,0.0262311054916794,0.2107164677734846,1.218031204368666,127.1972053273334,-12.320759907098235,182.1647278269705,1.6825301204819276,1.1198795180722891,0.6838242089246395,0.0766248224863454,-0.0074221445223483,0.1097377878475726,184.80003457610218,124.56189857820175,1.483600014815783,0.11132532203379647,0.07503728830012152,1.483600014815783
0.0004739978331527,0.7289808068760956,0.0122832486062205,1.4422013045167177,1.6512588793611964,50.41633709696895,-4.103165378577466,19.215334802560083,1.335164835164835,1.085164835164835,0.7373585230877177,0.1385064205960685,-0.0112724323587293,0.0527893813257145,50.94691161656007,18.684760282968963,2.7266558866691937,0.1399640429026375,0.051331759019145495,2.726655886669193
0.0006094257854821,0.8026545790439062,0.0139278947588744,1.044177767907616,1.4593786974494305,49.808185404339255,-13.257177295638838,34.71288991160787,1.4957264957264955,1.0576923076923077,0.7421770539277902,0.1064277465904685,-0.0283273019137582,0.0741728416914698,57.515692077094364,27.00538323885275,2.1297861825691964,0.12289677794250933,0.05770381033942897,2.129786182569196
0.0034377864822068,0.6269978163566037,0.0330799247864235,0.1364533872235919,1.909582422889554,121.08415274908177,-41.16956439393944,415.2679545454545,1.531060606060606,1.065909090909091,0.7485519672735508,0.0458652093746521,-0.0155945319674013,0.1572984676308539,420.92080917828,115.43129811625622,3.6465050298087367,0.15943970044631814,0.04372397655918787,3.646505029808743
0.000548222768564,0.7879308595644602,0.0132100237344595,0.1052299758400256,1.8742256678377929,18.548315570325155,-4.736985234793302,62.89726417702451,1.332541567695962,1.0403800475059382,0.7778776239947155,0.0440577566991096,-0.0112517464009342,0.1493996773801057,63.397585126213826,18.04799462113584,3.512721853982021,0.15058808818578104,0.042869345893434274,3.5127218539820224
0.0022905554629552,0.7503098775516246,0.0270019712004687,0.2441762918293367,1.2612810052178778,118.88425092943596,-15.927389101965996,178.84348987631554,1.4462762933484934,1.0704945992040933,0.7584964960790558,0.067586271136689,-0.0090547976702478,0.1016733882184852,182.81176146222842,114.9159793435231,1.5908297741234196,0.10392936979092,0.0653302895642542,1.590829774123418
0.0001171972664388,0.7773961067867173,0.0061077858951675,2.869557358100636,2.036313235817719,4.627283950617284,3.070740740740741,14.778888888888888,1.5,1.0888888888888888,0.7325817008612112,0.0514142661179698,0.034119341563786,0.1642098765432098,15.635473747172806,3.7706990923333654,4.146571594366428,0.17372748607969776,0.04189665658148181,4.146571594366429
0.0020796003833652,0.8050969118223097,0.0257285320478407,1.834667449703452,1.3360485383727283,170.89596139285894,19.50762211080655,103.9616061580711,1.3938634940513464,1.0375704445835945,0.7569796512517795,0.1070106207845077,0.0122151672578625,0.0650980627163876,176.16635337001009,98.69121418091999,1.785025696887904,0.1103108036130306,0.06179787988786471,1.7850256968879024
0.0090580465038753,0.7432639890458171,0.0536960496842741,1.2379258968882008,1.0665333863497255,627.2404864711103,-23.72003935193051,566.8338122879342,1.4491086831512363,1.0612420931569868,0.7296903123976621,0.0901725828739376,-0.0034100114076955,0.0814884721518019,635.4413397540794,558.6329590049651,1.137493464198613,0.09135154395544548,0.08030951107029402,1.1374934641986114
0.0047516980581715,0.8063495953659345,0.0388910332605899,0.0712538052439669,1.142586854929927,261.92745058824124,-5.673669965628006,341.01389502118684,1.243080295971499,1.0350781035900247,0.7632303070403682,0.0717806112875421,-0.0015548561155461,0.0934540682436795,341.41885116293474,261.5224944464933,1.305504721058662,0.09356504553656739,0.0716696339946542,1.3055047210586614
0.0089760084173681,0.7409741861084657,0.0534523359425684,0.6306770306345889,1.1307834387773064,577.7197904113424,-69.90001534091957,622.4156288885705,1.508051646597998,1.0365588277963151,0.7233696176819845,0.0838125330641726,-0.0101407246976526,0.0902967690248905,673.4532779788616,526.6821413210513,1.27867118541303,0.09770104134322662,0.0764082607458365,1.2786711854130297
0.002521043420285,0.7074812532152355,0.0283279551710906,1.386944341770274,2.0128343448855923,309.7392721531146,-43.01338519611021,86.42308388045556,1.3935950413223142,1.059400826446281,0.7665220778398208,0.1599892934675178,-0.0222176576426189,0.0446400226655245,317.7376918059908,78.42466422757938,4.05150209995101,0.16412070857747452,0.04050860755556779,4.0515020999510165
0.0059588299024918,0.7230622084021147,0.0435517447187912,2.664653007882747,1.3530227421383794,333.93415932434027,96.27512242728862,470.5033022320772,1.520979020979021,1.089597902097902,0.7438030843582832,0.0729751222299694,0.0210391438870823,0.1028197775856812,520.2512767010511,284.18618485536643,1.830670540743659,0.11369127550285205,0.06210362431279856,1.8306705407436599
0.0050173451954329,0.8098727775140985,0.0399633654501601,0.015652610148279,1.135153287720144,273.332932990489,-1.2343342061615636,352.1652137005629,1.3059953283155985,1.034518556968596,0.7761814426471745,0.0709402888633503,-0.0003203566587494,0.0914002630938393,352.18453583071147,273.3136108603405,1.2885729866218516,0.09140527792128508,0.07093527403590452,1.2885729866218532
0.0009232540211684,0.6857689091792929,0.017142954307728,1.0315966429269474,1.7066163025905048,85.6303023189657,-29.961693399989244,53.48314338516872,1.7602256699576868,1.0677009873060648,0.7302641099790528,0.1207761668814749,-0.0422590880112683,0.0754346169043282,103.55764972581082,35.55579597832361,2.9125392042676856,0.14606156519860478,0.05014921858719831,2.912539204267685
0.0019676118843236,0.7298349081262059,0.025026192578036,1.3909942439807403,1.483982716406981,190.34127494775788,-18.60788543401773,91.35026133087116,1.5195234943745863,1.056915949702184,0.7234206998880199,0.1259704003625135,-0.0123149473421692,0.0604568241766189,193.72353846437827,87.96799781425077,2.2022047025946425,0.12820882757404253,0.058218396965089875,2.2022047025946416
0.0010248249854154,0.7824343972216261,0.018061337837101,0.2033916673858871,1.3251100260694495,49.83109907018273,-7.228884558316612,83.3904280001098,1.400254129606099,1.059720457433291,0.7678819693204709,0.0633177878909564,-0.0091853679267047,0.1059598831005207,84.88133855385402,48.3401885164385,1.7559165811897772,0.10785430565928084,0.06142336533219628,1.7559165811897783
0.0065265855487957,0.7605827787384919,0.0455793451379672,1.8439303086285703,1.5612912849795604,605.4460866147901,96.90837775452243,286.6590960625066,1.4565043894652834,1.0407023144453311,0.7731259893081406,0.1207992990053452,0.0193352709007427,0.0571945522870124,632.5935252254461,259.5116574518506,2.4376304765531254,0.12621578715591503,0.05177806413644257,2.43763047655313
0.0056788586548879,0.6651528515103018,0.0425163127762886,1.4625291120664985,1.2133255106909775,466.64509995388136,-16.137913278464648,319.9256975418597,1.5858747993579454,1.0740655812886952,0.7060367708344955,0.1070041504136393,-0.0037005075162725,0.0733606277325979,468.3991658349927,318.1716316607484,1.4721587948935213,0.10740636685049122,0.07295841129574597,1.4721587948935209
0.0022345612134344,0.8253374618182189,0.0266698879922476,1.32764478828238,1.158571019224324,163.0330941882515,-9.860759626930957,125.7275698757342,1.3403263403263403,1.0361305361305362,0.7508906219798717,0.0950076306458342,-0.0057463634189574,0.0732678146128987,165.47914992490018,123.28151413908552,1.342286806586489,0.0964330710518066,0.0718423742069263,1.3422868065864884
0.0017813984498708,0.8331966688808358,0.0238125332089293,1.643391624309118,1.6062304676208798,175.08716731216444,7.781658779624505,68.64911799784552,1.317251461988304,1.029970760233918,0.7818406029109407,0.1279876954036289,0.005688347061129,0.0501821037995946,175.65307361918727,68.08321169082271,2.57997631511359,0.12840136960466897,0.04976842959855452,2.579976315113593
0.0030718705725477,0.8277953597142025,0.0312699020196577,1.265162137194463,1.1649182657714976,218.1613881770338,-16.87248208901501,170.00991180224696,1.4718100890207717,1.0411191182704536,0.7685197498079068,0.0924804528092555,-0.0071523874900445,0.0720686357788244,223.48500068165475,164.68629929762602,1.3570345659280736,0.09473717705877688,0.06981191152930302,1.3570345659280747
0.0034898741561796,0.7262780588191979,0.0333295881380089,2.1075856283574375,1.2481153841132084,261.145956226331,45.337762029405205,211.93677308420592,1.4794776119402986,1.0772388059701492,0.7255848532509878,0.0974425209799742,0.0169170753841064,0.0790808854791813,288.1252632304419,184.95746608009506,1.5577920120600617,0.10750942657852303,0.06901397988063246,1.5577920120600612
0.0055707767313942,0.8126852191847196,0.0421097768615012,3.0470177030824583,1.2191016943802595,285.23268640604687,12.981551349074762,420.8538433150377,1.2239364188873303,1.0320243104254323,0.7722547003342638,0.0666743072477902,0.003034490731434,0.0983763074602706,422.0852464786994,284.0012832423852,1.4862089412408193,0.09866415298707323,0.06638646172098756,1.4862089412408215
0.0004779044087007,0.7755755818320267,0.0123337625216419,2.843916271513846,1.3551539512289923,25.10412877072368,5.492668295109473,41.322572741649296,1.4877384196185286,1.076294277929155,0.7227509999165249,0.0684036206286748,0.0149663986242764,0.1125955660535403,43.00768004458669,23.419021467786276,1.8364422315315494,0.11718713908606722,0.06381204759614788,1.836442231531549
0.0003893553629469,0.8034561715248968,0.011132639456332,1.4765222414289942,1.2421956706680854,31.106475319068032,-1.029160747642645,20.31945951387569,1.3244147157190636,1.0702341137123743,0.7439331520859869,0.1040350345119332,-0.0034420091894402,0.067958058574835,31.203786967309036,20.22214786563469,1.5430500842265342,0.10436049152946161,0.06763260155730658,1.5430500842265353
0.0010860280023335,0.7498153975079038,0.0185928332917604,1.6805624206261285,1.313491766467332,91.05944165530885,4.189237099529011,53.509406862998816,1.6115107913669064,1.079136690647482,0.7480868696106416,0.1091839828001305,0.0050230660665815,0.0641599602673846,91.5211335853872,53.04771493292047,1.725260620577472,0.1097375702462676,0.06360637282124751,1.7252606205774732
0.0005039482456871,0.8564317760746768,0.0126653744013824,1.851978593303783,1.2930872341669826,39.46541674178234,4.363980530016225,25.616970134006376,1.4108527131782946,1.062015503875969,0.767977089025238,0.1019778210381972,0.0112764354780781,0.0661937212765022,40.725886127816565,24.356500747972145,1.6720745951656166,0.10523484787549495,0.06293669443920444,1.6720745951656177
0.0034325777148095,0.7516775402532077,0.0330548547375124,2.943565912119046,1.3766569286948422,163.23125047492292,27.241643947121798,293.5276082766689,1.4658573596358118,1.0610773899848256,0.7585582465995747,0.0619238431240223,0.0103344628023982,0.1113534174038956,298.99382152811785,157.76503722347394,1.8951842993235157,0.11342709466165316,0.05985016586626474,1.8951842993235162
0.005492645220435,0.8313050479472478,0.0418134341445978,1.3549662180470892,1.3020034630967705,433.1187928026853,-37.86929770603125,268.6955658773246,1.229018492176387,1.027264106211475,0.7775803902873515,0.102683450166592,-0.0089780222157494,0.0637021256228839,441.4214494684504,260.3929092115595,1.695213017915983,0.10465183723766003,0.06173373855181585,1.6952130179159832
0.0045238144845403,0.7689742288074888,0.0379470008523813,2.7018493911800694,1.28026127340578,247.47494132744964,54.59829288647737,337.8395387364777,1.3097294185377086,1.0437535981577433,0.7646675982266368,0.0712363101115284,0.0157162616253533,0.0972479961820603,363.5262297407319,221.78825032319546,1.6390689281825896,0.10464197747286462,0.06384232882072406,1.6390689281825894
0.0008021501791815,0.7084909970811866,0.0159791217605224,1.3001804948780282,1.0745950172741885,58.14890527491988,-2.0268120678023283,51.405285461291946,1.5,1.1006493506493509,0.7046682408284178,0.0943975734982465,-0.0032902793308479,0.0834501387358635,58.71118601346197,50.84300472274987,1.154754451150513,0.09531036690497063,0.08253734532913937,1.1547544511505123
0.000130219184932,0.8748689820636962,0.0064381716297933,2.836299934168315,1.6833667653300175,5.67,2.557,12.9779,1.26,1.04,0.7632945174568555,0.0567,0.02557,0.129779,13.783725734552132,4.864174265447869,2.833723666617646,0.13783725734552132,0.04864174265447869,2.8337236666176464
0.0006589090757563,0.7334027866955629,0.0144823089633338,0.6563917731326663,1.8343812017985173,42.95684981799434,-26.114015216610163,56.73955615616555,1.494071146245059,1.0691699604743083,0.7548160930580514,0.0848949601146133,-0.051608725724526,0.1121335101900505,76.85621178510897,22.840194189050916,3.364954393511774,0.15188974661088728,0.04513872369377652,3.364954393511773
0.0027020480873406,0.8098343984030221,0.0293272675021816,2.9110686858331705,1.1261551368856473,152.01697779068087,8.94483379300334,188.03006532152708,1.4255421686746987,1.0472289156626506,0.7681518863849559,0.0732611941159907,0.0043107632737365,0.0906168989501335,190.1293831382534,149.91765997395453,1.2682253923339313,0.09162861837988111,0.07224947468624311,1.2682253923339313
0.0091999854154512,0.6936294696554465,0.0541151209042799,1.6069551301313756,1.2375330938923723,710.8454150294831,8.916359434610117,464.6865410812249,1.370134465675867,1.0751592356687898,0.7683813629443316,0.1006150622830124,0.0012620466291026,0.0657730419081705,711.1679605006769,464.3639956100311,1.5314881584788276,0.10066071627751964,0.06572738791366324,1.5314881584788274
0.0029872281023418,0.701248041614985,0.0308360866074386,0.1737526080514845,1.3323156587594485,156.82671466218304,-20.22868401629974,268.5244979701416,1.5771578029642546,1.057541412380122,0.7020883807571439,0.0683638686408818,-0.0088180837037052,0.1170551429686754,272.07508742508463,153.27612520724,1.775065014575624,0.1186029151809435,0.0668160964286137,1.7750650145756242
0.0006354696224685,0.7110141690557081,0.014222385988336,0.3109589215147518,1.9846595281991315,26.25147389814566,-17.624454111797903,75.4262798978769,1.4200819672131149,1.0758196721311477,0.7464758809545221,0.0537940038896427,-0.0361156846553235,0.1545620489710592,81.09051766370646,20.587236132316093,3.9388734428715986,0.16616909357316895,0.04218695928753298,3.9388734428715977
0.0017774918743228,0.7765057122973504,0.0237864086446088,0.0408666972388677,1.0263146567852566,111.45663352520496,-0.242581545438689,117.37933207207932,1.1714285714285717,1.0344322344322343,0.7458729682289978,0.0816532113737765,-0.0001777154179038,0.0859921846681899,117.3892511011477,111.44671449613658,1.0533217747322388,0.0859994513561521,0.0816459446858143,1.0533217747322385
0.0009714351195932,0.7959280315880832,0.0175845785378177,0.1015086875145331,1.5357945030063531,40.529968590301095,-5.4750375550747865,93.7235461334445,1.2734584450402144,1.0415549597855227,0.7594981647028295,0.0543297166089827,-0.0073391924330761,0.1256347803397379,94.28122677648449,39.972287947261094,2.358664755464533,0.12638234152343764,0.05358215542528298,2.358664755464532
0.0005273876989749,0.8881585763465606,0.0129565704735256,2.2246116127471876,1.3498876377168152,36.925224813290654,9.65538789818625,31.722627648224357,1.2962962962962965,1.037037037037037,0.7708994476781623,0.0911733946007176,0.0238404639461388,0.078327475674628,44.32358971409186,24.324262747423155,1.8221966344606837,0.10944096225701679,0.06005990801832882,1.82219663446068
0.0022267480623385,0.7442127981966691,0.0266232214858186,0.8648417079853089,1.4822218147808326,163.884702985534,-57.19876885195445,145.5538965835642,1.642690058479532,1.0514619883040937,0.7449524697625075,0.0958390075938795,-0.0334495724280435,0.0851192377681662,212.64773644579464,96.79086312330354,2.1969815082121857,0.12435540143028923,0.05660284393175647,2.1969815082121844
0.0027098612384365,0.790498960823571,0.0293696377638642,0.1584671816372455,1.3237741428500842,129.00923552398868,-14.84702513138598,219.5424860658931,1.3190773666506488,1.0490148966842865,0.7758522902282737,0.061993866181638,-0.0071345627733714,0.1054985516895209,221.91514625004416,126.6365753398376,1.7523779812784752,0.10663870555023741,0.06085371232092149,1.7523779812784743
0.0036226977248104,0.7474572664839066,0.0339579224992147,1.6699631054342996,1.340717133863217,302.1749611474815,13.265850199572998,170.16049216980275,1.3587347232207043,1.0589503953989936,0.768109287678391,0.1086178868251191,0.0047684580156624,0.061164806674983,303.49482214316555,168.8406311741187,1.7975224330343997,0.10909231565174887,0.06069037784835324,1.7975224330343984
0.0016407617301441,0.6585904774595659,0.0228532422114874,2.182189439149274,1.4444976836588654,129.43392794154695,38.24234819853866,101.68718568909046,1.7142857142857142,1.0896825396825396,0.7280659534854494,0.1027253396361483,0.0303510699988402,0.0807041156262622,156.24160427165071,74.8795093589867,2.086573558095828,0.12400127323146873,0.059428182030941766,2.0865735580958282
0.0012292691057588,0.7977769055425785,0.0197810138552941,0.2673138047957297,1.0406780404323626,76.5863156689888,-1.6103097619218516,82.02517124210003,1.2976694915254237,1.0529661016949152,0.7445476598883288,0.0811295716832508,-0.0017058366122053,0.0868910712310381,82.46618409185315,76.14530281923568,1.0830107838381424,0.08735824586001385,0.08066239705427507,1.0830107838381418
0.0056046337194766,0.7551571064455126,0.0422375463462123,1.155955671767891,1.5955303104997445,510.36848384316136,-126.81239732469834,278.2672377364016,1.4846654275092936,1.0655204460966543,0.7580098383503953,0.118580038067649,-0.0294638469620581,0.0646531686190524,566.2164681905247,222.41925338903837,2.5457169717234103,0.13155587086211068,0.05167733582459073,2.5457169717234076
0.0004987394782898,0.7951713453721008,0.0125997502582316,2.9786857256431873,1.5228017686733826,22.072643483833144,4.502887060379442,48.728439078594846,1.2898172323759791,1.065274151436031,0.7368735853813431,0.0576309229342901,0.0117568852751421,0.1272283004663051,49.468549369637955,21.332533192790038,2.318925226674782,0.12916070331498158,0.05569852008561359,2.3189252266747857
0.0090997166430535,0.6654614113050801,0.0538194181402505,2.0326476676510845,1.2069434105314654,644.667262346703,85.98151686725036,514.7270883498378,1.4699484831139096,1.0535203205495134,0.7667771157756695,0.0922534720015316,0.0123041666953706,0.07365871327273,687.4651364841161,471.9292142124246,1.4567123962253257,0.09837795313167078,0.06753423214259083,1.456712396225324
0.0001484498708225,0.91091571191651,0.0068740862291311,1.7645247678099185,1.51712714112221,13.915435518621113,1.5185441674361342,6.473145583256384,1.105263157894737,1.0263157894736843,0.7605191914141368,0.1220652238475536,0.0133205628722467,0.0567819788004946,14.213357141449794,6.1752239604277035,2.30167476232965,0.12467857141622622,0.05416863123182199,2.301674762329648
0.001376416784732,0.7693326300114223,0.0209314851381721,1.2553469475340862,1.5703998342279155,128.46995253520032,-23.89344273299865,63.05257109203051,1.4049195837275308,1.0501419110690633,0.7613300431725352,0.121542055378619,-0.0226049600122976,0.0596523851391017,136.26749657266677,55.25502705456407,2.4661556393430644,0.12891910744812363,0.05227533306959705,2.466155639343062
0.0032606883906992,0.6375099319389093,0.0322166005426438,1.712450228447096,1.950613971082251,396.6523409190663,41.477813134767125,111.71762751482612,1.6293929712460065,1.0814696485623003,0.7583104025249763,0.1584074843925983,0.0165646218589325,0.0446156659404257,402.5674518744555,105.80251655943695,3.8048948641812705,0.16076974915114028,0.04225340118188372,3.8048948641812728
0.0016173222768564,0.7293503486004036,0.02268941757447,3.108775434613032,1.9875157733353603,51.594932203785405,4.975927092814293,203.0026371677285,1.173913043478261,1.0314009661835748,0.7593835486911216,0.0415418133685872,0.0040063825223947,0.1634481780738554,203.16599190366574,51.43157746784814,3.950218949256857,0.1635797036261398,0.041410287816302786,3.950218949256861
0.0072401866822235,0.7110696146234023,0.0480064891318659,1.4306730623957078,1.4568149658385348,677.7721194231666,-50.08426689224166,329.74871639019705,1.6420863309352518,1.0800359712230216,0.7392177333404805,0.1219014603279076,-0.0090079616712664,0.059307323091762,684.8363855412508,322.6844502721128,2.1223098446911313,0.12317201178799467,0.05803677163167493,2.1223098446911313
0.002034023668639,0.7050563427636664,0.0254450357134674,2.0578434594250146,1.3968553068289822,162.96789835743598,36.786853995583336,112.9888242854871,1.6901408450704225,1.0761843790012804,0.7474256319209123,0.1043328414580256,0.0235511229165066,0.0723359950611313,182.45025793229547,93.50646471062758,1.9512047482162898,0.11680554285038122,0.059863293668775665,1.9512047482162895
0.0088145366280523,0.7415165062301593,0.0529693699305381,0.2582142226084341,1.5112630460087288,398.82049476857617,-116.6537651627228,809.6968271556649,1.3855813266361354,1.0580587974590043,0.7606828549567999,0.0589186725910143,-0.0172335300875643,0.1196183819110156,840.5062875229096,368.0110344013315,2.283915994231581,0.12416993463183768,0.054367119870192215,2.2839159942315823
0.0003034107008917,0.8121959679820433,0.009827442478478,0.6310179246703811,1.74298914511365,18.52787857577041,-10.522813092891742,25.2406196467056,1.4592274678111588,1.055793991416309,0.7708096185834031,0.0795187921706884,-0.045162287952325,0.1083288396854317,32.92937557313462,10.83912264934139,3.0380111599840127,0.1413277921593759,0.046519839696744156,3.03801115998401
0.0010209184098674,0.7243102185985363,0.0180268805634213,1.371045267586228,1.9466890710972695,122.35909516867972,-18.03983366305704,36.904061784152425,1.2244897959183674,1.066326530612245,0.7569780103043188,0.1560702744498465,-0.0230099919171645,0.0470715073777454,126.01127534129904,33.2518816115331,3.789598339529551,0.16072866752716702,0.04241311430042488,3.7895983395295474
0.0004987394782898,0.6943680343107705,0.0125997502582316,2.0709426515740503,1.8456486453848828,51.76607652925576,18.374008957726893,28.185630824397187,1.8015665796344649,1.0626631853785902,0.7148053660927927,0.1351594687447931,0.0479739137277464,0.0735917253900709,61.8073346180859,18.144372735567043,3.4064189222110532,0.16137685278873598,0.047374341346128016,3.406418922211054
0.0008529356613051,0.7498613772199274,0.0164771919110061,1.530449469891653,1.7311704890632085,94.39912359419614,-2.5378451139211005,31.63501893829032,1.334351145038168,1.0549618320610687,0.7499324026804564,0.1441207993804521,-0.0038745726930093,0.0482977388370844,94.50157326542734,31.53256926705912,2.996951262203348,0.14427721109225544,0.04814132712528106,2.99695126220335
0.0010951433452787,0.6843748496976748,0.0186706977264006,0.9859715132424692,2.1635946357559868,116.31789628167589,-55.37529920922514,69.34352258861755,1.9797859690844235,1.066587395957194,0.7433854855459361,0.138309032439567,-0.0658445888337992,0.0824536534941944,152.98111848176072,32.680300388532714,4.681141747872082,0.1819038269699889,0.03885885896377249,4.681141747872088
0.0004206079673306,0.8920171901121884,0.0115708113029727,0.5125771547189155,1.42687830367201,22.89558991268008,-8.115471249604617,32.749801109950255,1.2941176470588236,1.043343653250774,0.771908023632369,0.0708841792962231,-0.025125297986392,0.1013925730958212,37.31675908721671,18.328631935413625,2.0359816934899118,0.11553176187992785,0.05674499051211644,2.0359816934899126
0.0016147178931577,0.7073090272923883,0.0226711417619399,1.1970504197403506,1.6946289573373166,157.37579344432885,-38.18269380853276,74.98983805931324,1.4322580645161291,1.075,0.76201660288097,0.1269159624551039,-0.0307924950068812,0.0604756758542848,172.35023974163573,60.015391762006345,2.871767303046161,0.13899212882389975,0.04839950948548897,2.8717673030461612
0.0001419389115759,0.7712643918680824,0.0067216485172014,3.0944958044688837,1.8732489125307452,5.041831495665348,0.5916168672670651,17.56636646746907,1.4036697247706422,1.0825688073394495,0.7253226447772393,0.0462553348226178,0.0054276776813492,0.1611593253896245,17.594250377409644,5.013947585724776,3.5090614882976205,0.16141514107715269,0.04599951913508962,3.5090614882976254
0.0051540753396116,0.8162242436865004,0.0405042360097615,2.739277415190271,1.205420931896915,289.63823334757245,44.20567321197995,374.71263603868925,1.2713491662455785,1.0325922182920666,0.7577468404357878,0.0731779265658343,0.0111686895431985,0.0946722172912302,393.5232548861657,270.827614500096,1.4530396230552267,0.09942477384693414,0.06842537001013034,1.4530396230552258
0.0053676348029002,0.7815747509268318,0.0413348669187083,0.105308013021393,1.5486752938635882,218.5040597063697,-31.454040413671287,512.7605669016399,1.252304706453178,1.0402717127607957,0.7730844647653923,0.0530092333106185,-0.007630771570517,0.1243960618393109,516.0852284137989,215.1793981942108,2.398395165823471,0.12520262698054305,0.052202668169386346,2.398395165823472
0.0033336111342611,0.7420862197771124,0.0325748581075604,0.7311705224778071,1.4348942481081244,215.7415159606932,-77.13581558227541,232.5390013122557,1.67578125,1.066796875,0.7608841826275002,0.0842740296721457,-0.0301311779618263,0.0908355473875998,301.7319651783259,146.548552094623,2.0589215032537784,0.11786404889778343,0.057245528161962066,2.058921503253778
0.0006185411284273,0.759205571683995,0.0140316697577198,0.4559788760271193,1.4837708835349417,33.48433905817175,-12.900857617728525,53.461203324099706,1.616842105263158,1.0589473684210526,0.7367553222204702,0.0704933453856247,-0.0271597002478495,0.1125499017349467,59.788435558477055,27.1571068237944,2.2015760348260613,0.12587039064942532,0.057172856471146095,2.201576034826061
0.0006120301691807,0.6528760182121365,0.0139576234901567,2.8499263633318703,2.1080729713743387,24.126306020823897,17.811412403802628,78.10502942507924,1.5191489361702128,1.097872340425532,0.7420344293432757,0.0513325660017529,0.0378966221357502,0.1661809136703813,83.45252064506832,18.77881480083483,4.443971652639035,0.177558554563975,0.03995492510815918,4.443971652639035
0.0057517813984498,0.7654760021370319,0.0427884199555747,0.1061017519763172,1.3491556219630665,276.53679270035826,-23.66819488311803,496.2491081317788,1.473851030110935,1.0350916911931174,0.7467398096942144,0.0626073789224266,-0.0053584321673348,0.1123498094027119,498.7698111885793,274.01608964355773,1.8202208922745484,0.1129204915527686,0.062036696772369906,1.8202208922745462
0.0015795587132261,0.6431717360256983,0.0224229604251449,1.4528377234048693,1.387902088734396,136.3685207449661,-7.714906321935551,72.18292624080026,1.3849958779884584,1.064303380049464,0.7664494273092953,0.1124225232852152,-0.006360186580326,0.0595077710146745,137.282804778867,71.26864220689936,1.9262722079132995,0.1131762611532291,0.05875403314666061,1.926272207913299
0.001201923076923,0.7119354618065123,0.0195597545438856,1.3810420415697169,1.666270373739647,128.09782974872317,-15.53537207912866,50.195638368925145,1.5926327193932828,1.0509209100758397,0.7333061919551568,0.1387842142456372,-0.0168313890348089,0.054383140161349,131.0816317107875,47.21183640686083,2.7764569584024628,0.14201693576466676,0.051150418642319416,2.776456958402462
0.0023634782065172,0.7168939003034843,0.027428424652436,0.462404057370664,1.555986147758082,127.4161570627386,-56.35516547898213,212.38772822135695,1.5603305785123966,1.0512396694214876,0.7339854430672595,0.0702017394285061,-0.0310496779498524,0.1170180320778826,240.4777646525245,99.32612063157103,2.4210928920150345,0.1324946361721898,0.054725135334198906,2.4210928920150345
0.0022358634052837,0.6771060194541578,0.0266776578068311,0.0081324605333644,1.9008674026417185,76.35601910254408,-1.62240692190771,275.83609585735024,1.5899825276645312,1.056493884682586,0.7394865251161709,0.0444705993608294,-0.0009449079335513,0.1606500267078335,275.8492903084931,76.34282465140123,3.6132968824258724,0.16065771130372333,0.044462914764939555,3.613296882425871
0.0015860696724727,0.6635033229484792,0.0224691267503734,2.451841703574113,1.3208236773522914,107.98977367403565,30.326364790862865,119.7359314712806,1.7364532019704433,1.0755336617405582,0.6946172065922163,0.0886615547405875,0.0248984932601501,0.0983053624558954,144.7526803024777,82.97302484283853,1.7445751866544303,0.11884456510876654,0.06812235208771636,1.7445751866544295
0.0029247228935744,0.7010249582466259,0.0305117716852498,2.7269065936291597,2.0608081690505484,134.54795286604303,105.4935430871861,327.74978769023625,1.647373107747106,1.0605520926090828,0.7731000957559913,0.0599055889875525,0.0469695205196732,0.1459259963001942,374.1895109294828,88.10822962679643,4.246930309625473,0.1666026317584518,0.03922895352929491,4.246930309625475
0.0010456600550045,0.7177718908671407,0.0182440108829019,2.4995543101206446,1.6034665697770487,65.98348968454223,31.801024799591826,84.73615907966543,1.6562889165628891,1.066002490660025,0.7415977510032337,0.0821712200305631,0.0396027706097033,0.1055244820419245,108.5143237851253,42.20532497908234,2.571105040392576,0.13513614419069137,0.05255955788179621,2.5711050403925717
0.0015157513126093,0.7220960274768149,0.021965396144837,2.462856083438902,1.207749604631181,97.6669759154946,18.538808144684182,105.69869495518476,1.5146048109965635,1.0652920962199313,0.7282437532849293,0.0839063366971603,0.0159268111208627,0.0908064389649353,120.65161333768592,82.71405753299345,1.458659107486774,0.10365258877808065,0.07106018688401494,1.4586591074867747
0.0103550295857988,0.7071739375429213,0.0574117434754023,2.7231439259471126,1.243185342779893,580.2860108177991,107.81921532654178,774.7840129148886,1.5077967806841046,1.0862676056338028,0.7509889420316774,0.0729735929096829,0.0135587544424725,0.0974325971975463,822.7326406299399,532.3373831027479,1.5455097965027602,0.10346235420396617,0.06694383590326301,1.5455097965027598
0.0020796003833652,0.8265127523481299,0.0257285320478407,2.211704753876985,1.2587320980026857,142.86933742783998,29.092421254786984,125.57088372884505,1.5967438948027552,1.030682529743269,0.7634223360894092,0.0894610754087914,0.0182169200092592,0.0786292321407921,164.57102653750343,103.86919461918158,1.5844064945422422,0.10305011054320808,0.06504019700637541,1.5844064945422418
0.0007578756563046,0.740884363727736,0.0155318805654631,0.4351504019958715,1.7509009045203667,38.55002007534157,-22.26649425490962,76.09737721566822,1.443298969072165,1.0274914089347078,0.7367288019602667,0.0662371478957759,-0.0382585811940027,0.1307515072434162,86.44839217968192,28.19900511132787,3.065653977450239,0.14853675632247748,0.04845189881671462,3.0656539774502343
0.007847008084007,0.7566630416302818,0.0499777975715572,0.6979406712635597,1.268747372718328,485.29161092396487,-116.38258320593054,526.426091098326,1.4293063391968135,1.0632260205774977,0.7657174358458404,0.0805329589983347,-0.0193134057759592,0.0873591256386203,624.0447936544609,387.67290836782985,1.6097198957796606,0.10355871119390317,0.06433337344305182,1.6097198957796577
0.0037047358113176,0.7218249167180418,0.034340268409573,2.564582032451949,1.3687535983220287,218.0214768301309,69.10511111591573,279.2085304900839,1.6126537785588753,1.071353251318102,0.7507387486428724,0.0766332080246505,0.0242900214818684,0.0981400810158467,324.1893396892089,173.04066763100587,1.8734864129195017,0.11395055876597845,0.06082273027451875,1.8734864129195006
0.0032033919493291,0.7741986057333662,0.0319322928521116,1.7296997444196962,1.3797572905763913,269.1696800846058,20.204602088703783,146.3293533941436,1.43739837398374,1.0459349593495937,0.7787510901445777,0.1094185691400836,0.0082132528815869,0.0594834769894892,272.40755886034924,143.09147461840013,1.9037301808987044,0.11073478002453217,0.058167266105040624,1.9037301808987062
0.0034716434702891,0.7749278353765899,0.0332424192545977,0.6536847469235164,1.1608353341743682,209.0639703718128,-31.081094823593386,225.8287552008031,1.3923480870217555,1.0506376594148537,0.774818810543138,0.0784185935378142,-0.0116583251401325,0.0847069599402862,249.6379604171151,185.25476515550076,1.3475386730677172,0.09363764456755996,0.06948790891054044,1.3475386730677157
0.0005755687973997,0.6340144901732296,0.0135354807225774,0.2753278559400608,1.0726978088672006,38.101963514260575,-1.485493745009314,42.94064413095557,1.6470588235294117,1.1063348416289591,0.6834195561870153,0.0862035373625804,-0.0033608455769441,0.0971507785768225,43.3602999821787,37.68230766303745,1.150680589148493,0.09810022620402412,0.08525408973537879,1.1506805891484926
0.00026825152096,0.6986660781127364,0.0092405146558745,1.3421919291039448,1.1511368082393925,20.86096710340277,-1.144122914506551,16.209845414270905,1.5679611650485437,1.1407766990291262,0.7015082896090942,0.1012668305990426,-0.0055539947306143,0.0786885699721888,21.127172159777192,15.943640357896479,1.325115951283575,0.10255908815425822,0.07739631241697316,1.325115951283576
0.0015313776148012,0.8165801895283907,0.0220783295172389,2.898589042517275,1.3109616428454287,76.2709974721181,12.289507554722585,122.79834501827936,1.2066326530612246,1.0433673469387754,0.7656698537099776,0.0648562903674473,0.0104502615261246,0.1044203614101015,125.84494515783413,73.22439733256331,1.7186204290119866,0.1070110077872739,0.062265643990274906,1.7186204290119869
0.0011889011584298,0.8133367581999876,0.0194535084862239,1.776098423898565,1.2947718413518932,94.5203048577862,7.7415762822273875,58.95544340060628,1.215772179627601,1.0503833515881709,0.7685539298552959,0.1035271685189334,0.0084792730363936,0.0645733224541142,96.13237969006698,57.3433685683255,1.6764341211577722,0.10529285836809085,0.06280763260495673,1.676434121157772
0.0005833819484957,0.817786254551245,0.0136270408243076,2.9709783849020885,1.785655776656269,21.624920280612248,7.448999521683673,63.57696408641582,1.1651785714285714,1.0357142857142858,0.7708617715145603,0.0482699113406523,0.0166272310751867,0.141912866264321,64.86034668464701,20.34153768238106,3.188566552705904,0.14477755956394417,0.045405218041029136,3.1885665527059035
0.0011745770480873,0.7473379516742513,0.0193359635521681,0.9305217415598106,1.3930390415372416,89.45032349890121,-25.115521801761066,74.44721633620284,1.516629711751663,1.0521064301552103,0.7260734361575626,0.0991688730586488,-0.0278442592037262,0.0825357165589832,108.16065160331789,55.73688823178616,1.9405577712469964,0.11991203060234797,0.061792559015284035,1.9405577712469946
0.0053481019251604,0.7594066232051088,0.041259589371407,1.0059499020305227,1.5488260209311275,427.9355373773474,-135.46327165417844,300.0231851301284,1.4784514243973703,1.0318967616264914,0.7738002522511241,0.1041966246353414,-0.0329835090465494,0.0730516642634839,513.7815322380327,214.17719026944312,2.3988620431133483,0.12509898520526724,0.052149303693558094,2.3988620431133483
0.0040198662388532,0.826909429588697,0.0357709821638075,1.7854174350598377,1.103159199517849,275.2515925956356,10.294684051293432,230.26758460954525,1.56268221574344,1.0272108843537415,0.767005928205741,0.0891647530274167,0.0033348506806911,0.0745926739907824,277.4956101771912,228.02356702798966,1.2169602194808615,0.08989167806193422,0.07386574895626487,1.2169602194808604
5.338986582215185e-05,0.9679620470938508,0.0041224412807482,2.8171040472252673,1.286841830175682,2.8970850684116605,0.5383700178465199,4.316478286734086,1.3658536585365857,1.0975609756097562,0.7331801425420978,0.0706606114246746,0.013130976045037,0.1052799582130264,4.497574331994196,2.715989023151551,1.6559618958898985,0.10969693492668756,0.06624363471101344,1.6559618958898963
0.0012175493791149,0.8055760756789443,0.0196864929403186,0.3921707606444126,1.3409148757995668,64.14868483513969,-16.193002945465988,96.6032039806686,1.2834224598930482,1.053475935828877,0.7585605022442383,0.0686082190750157,-0.0173187197277711,0.1033189347386829,103.30054467996442,57.451344135843875,1.7980527041405676,0.11048186596787629,0.061445287845822316,1.7980527041405663
0.0017006625552129,0.8008368893360731,0.0232666650894979,3.1346819610806222,1.5491426175044811,68.39478118426206,0.6615778513117686,164.1211823624736,1.3016845329249618,1.042113323124043,0.7704382936052413,0.0523696640002006,0.0005065680331636,0.1256670615332876,164.12575439635836,68.3902091503773,2.399842849368635,0.12567056232492985,0.052366163208558365,2.399842849368638
0.0016759209100758,0.7279510333646709,0.0230968005173719,1.7088564409797837,1.4465999585970897,155.51196744203733,11.178931143966109,76.60884742469821,1.5454545454545454,1.0481740481740482,0.7408444038312357,0.1208329195353825,0.0086860381848998,0.0595251339741244,157.06521311074164,75.05560175599392,2.092651440213101,0.12203979262683881,0.05831826088266809,2.0926514402131025
0.0001797024752062,0.766782046921488,0.00756313919149,0.193930957673003,1.2438891653260191,9.990180634320522,-1.0132850241545894,14.950483091787438,1.5072463768115942,1.0942028985507246,0.7081784897956073,0.0723926132921777,-0.0073426451025694,0.1083368339984597,15.149491555488169,9.791172170619792,1.547260255615461,0.10977892431513162,0.07095052297550578,1.5472602556154598
0.0037737519793316,0.7641283729669691,0.0346586578364901,0.5728104485352047,1.3832843105031545,216.7268420285569,-71.09605182127467,281.1106491185707,1.4761904761904765,1.0524499654934438,0.76628569097859,0.0747849696440844,-0.0245327991101706,0.0970016042507145,326.9633945792733,170.87409656785425,1.9134754836841865,0.1128238076533033,0.0589627662414956,1.9134754836841845
0.0031109363280273,0.7658986120351795,0.031468107482011,2.760941231541189,1.1738438947774796,175.63976969229526,21.7601443829776,221.3095373468568,1.2624529091670156,1.0611134365843449,0.7619844232714507,0.0735202049779385,0.0091084739987348,0.0926368929873824,230.01725650305602,166.93205053609606,1.3779094893063626,0.09628181519592117,0.06987528276939974,1.3779094893063613
0.0024663513626135,0.7992204291480999,0.0280189939420164,0.1450793365807958,1.235900429644108,126.66664501582837,-9.453144426516689,189.9861386315257,1.3067581837381204,1.044350580781415,0.7644969364209835,0.0668778484772061,-0.0049911005419834,0.1003094712943641,191.3672984015188,125.28548524583525,1.5274498719944916,0.1010387003175917,0.0661486194539785,1.5274498719944902
0.0062088507375614,0.7576220987626869,0.0444560296428429,2.693815990973567,1.2065687300845502,355.25068901738666,58.22145134931982,448.50092615303095,1.5119546979865772,1.0731963087248322,0.754634692872269,0.0745072753811633,0.0122108748635318,0.094064791558941,476.4656130460403,327.2860021243773,1.4558081004178443,0.09992986850797816,0.06864219843212613,1.4558081004178427
0.0042855133761146,0.6884418018751719,0.036934012440976,1.9246591188537265,1.4617649973407902,378.7053395811399,69.95815553980403,215.1717807956859,1.5010635065329687,1.0659374050440595,0.7432152465782339,0.1150730293470495,0.0212574158431492,0.0653818841676347,404.54873507345945,189.32838530336636,2.13675690745072,0.1229257779013854,0.057529135613298775,2.1367569074507204
0.0014844987082256,0.7387443213864232,0.0217377693164524,0.510342748275511,1.1739915501526568,88.70493690366266,-13.117556171129554,104.79382194521386,1.436842105263158,1.0570175438596492,0.7459338991001898,0.0778113481611075,-0.011506628220289,0.0919244052150998,112.13714519380197,81.36161365507455,1.3782561598298382,0.09836591683666825,0.07136983653953906,1.3782561598298364
0.0057231331777648,0.7976357757578325,0.042681727594241,2.508685404360144,1.1420263071381156,344.1431288269713,45.12917564561034,372.5567515055505,1.3488054607508533,1.0382252559726963,0.7733038432821231,0.0783033285158069,0.010268299350537,0.0847683166110467,405.66247532220575,311.0374050103161,1.3042240861955212,0.09230090451017187,0.07077074061668173,1.3042240861955194
0.00483113176098,0.7341048159469805,0.0392147548886444,2.9883255274947897,1.2752546294110236,250.36734613959504,23.31713079678291,397.7061616814758,1.6415094339622642,1.0493261455525609,0.7368394080187293,0.0674844598759016,0.0062849409155749,0.1071984263292387,401.3081601997662,246.76534762130467,1.626274369834247,0.10816931541772667,0.06651357078741363,1.626274369834247
0.0027697620635052,0.7588145008842633,0.0296924678528166,0.9996167568636616,1.3974212157551786,208.30335916593003,-53.9118022496706,159.05699240671524,1.5105782792665727,1.0427832628114715,0.7646450366234834,0.0979329380187729,-0.0253464044427224,0.0747799682213047,242.94891612685427,124.41143544579101,1.9527860542426811,0.11422139921337758,0.058491507026700015,1.9527860542426811
0.0034768522376864,0.7439519456444057,0.0332673479564548,2.2659325396397674,1.143442892965705,235.31071609925803,30.124176240373654,224.31473930059337,1.392134831460674,1.0299625468164797,0.7326679899027386,0.0881313543442914,0.0112824630113759,0.084013010974005,260.43451521470485,199.19094018514653,1.3074616494737805,0.0975410169343464,0.07460334838395001,1.3074616494737807
0.0026942349362446,0.6647395097555765,0.0292848359378781,2.7733824056349063,1.3627347717939493,140.07021602000205,36.28498834669816,220.1211938718373,1.252779120347994,1.0729821169647171,0.7526846527402691,0.0676994760850662,0.0175374520767028,0.1063901372024346,234.1201451843782,126.07126470746118,1.8570460582563066,0.11315618423604545,0.06093342905145535,1.8570460582563062
0.0057192266022168,0.7625169964915581,0.0426671579650081,1.20659501938867,1.3469270641531226,454.30162842649855,-71.95993336120326,292.96461441733754,1.482695810564663,1.0466757741347903,0.7675024947574576,0.1034384399878184,-0.016384319982059,0.0667041471806324,481.7332603288449,265.53298251499126,1.8142125161481495,0.10968425781622146,0.06045832935222936,1.814212516148148
0.0024272856071339,0.7489137845494069,0.0277962048730101,1.215258000741651,1.480864943450036,211.0305100365636,-40.105592580909565,117.91354343191072,1.4967811158798283,1.0649141630901289,0.7636283523587685,0.1132137929380706,-0.0215158758481274,0.063258338751025,225.92242074175286,103.02163272672149,2.192960980739278,0.12120301541939525,0.05526911626970034,2.192960980739278
0.0046227810650887,0.7342282081373881,0.0383598346539839,2.844245915199432,1.2386742509869604,251.1915785756793,35.94855116048404,357.4893175163656,1.7,1.051830985915493,0.7457993403679524,0.0707581911480786,0.0101263524395729,0.1007012162017931,368.5050851642476,240.17581092779736,1.5343139000581083,0.1038042493420415,0.0676551580078302,1.534313900058108
0.001104258688224,0.6986980997397416,0.0187482387803774,0.0411801716129429,1.4590077903287428,49.61457452607689,-2.299091647383399,105.31834616411535,1.5047169811320755,1.0695754716981132,0.7335656571562467,0.0585077529788642,-0.0027111929804049,0.1241961629293813,105.41307670698782,49.519843983204424,2.128703732239961,0.12430787347522147,0.05839604243302403,2.1287037322399627
0.0055434307025585,0.6555449820285114,0.0420062947187578,2.53670764524212,1.3665197975307783,322.63189322576045,102.22734873964868,399.82888005655445,1.595959595959596,1.0566126380079868,0.7727484949911645,0.0757885584274748,0.0240139414469458,0.0939226873517863,470.5019498416361,251.95882344067883,1.8673763570435589,0.11052430111384438,0.05918694466541673,1.8673763570435553
0.0017319151595966,0.8046064638597439,0.0234794743836225,1.9988956257229786,1.5011454917245022,145.64292837356552,33.84033240997233,86.92623438294987,1.4736842105263157,1.0345864661654136,0.7746388053718041,0.1095059611831319,0.0254438589548664,0.0653580709646239,161.08503490179163,71.48412785472377,2.2534377873247973,0.12111656759533197,0.05374746455242384,2.2534377873247977
0.0099200975081256,0.7487632017824826,0.0561931055267778,1.3411534013082185,1.3749116501436136,826.8672033964134,-88.48482994188024,469.03439989686063,1.4019427671304805,1.048569178262011,0.7723771505058393,0.1085412448669484,-0.0116152310241376,0.0615692307556918,847.5520139298566,448.3495893634175,1.8903820457006344,0.11125649959698819,0.05885397602565201,1.8903820457006353
0.0067987436453037,0.763522830351284,0.046519966852196,0.4948944692943415,1.1213780219805336,408.281914627258,-41.52685009608438,462.81573871757774,1.399731852135606,1.060141735299751,0.7541199076764032,0.0781999453413633,-0.0079538115487616,0.0886450371035391,485.2274314372575,385.87022190757824,1.257488668180974,0.09293764248941914,0.07390733995548328,1.2574886681809738
0.0014037628135677,0.77885376304629,0.0211383911737814,2.0530276532395035,1.7531967210961374,131.62700803040056,42.67953607484487,72.43258232623458,1.50278293135436,1.0408163265306123,0.7671848658504155,0.1221029759094624,0.0395914063774071,0.0671916348109782,153.96762154961937,50.09196880701579,3.073698742862248,0.14282710718888614,0.04646750353155447,3.07369874286225
0.0016980581715142,0.7389752289175312,0.0232488430531106,1.652155675684372,1.5326952963173577,163.46547139053038,7.633363835673152,70.47217386804175,1.303680981595092,1.0544478527607362,0.7612668186966146,0.12535695658783,0.0058538066224487,0.0540430781196639,164.08789084454565,69.84975441402648,2.3491548713533525,0.12583427212005027,0.053565762587443604,2.349154871353352
0.0037984936244687,0.8143152683661098,0.0347720875599163,1.9909238429300362,1.207807550972139,273.3559911288066,33.78409931073258,212.82212801224705,1.401097017483716,1.0315392526568392,0.763389775471226,0.0937113442333927,0.0115817961298363,0.0729592485472221,288.44820982922363,197.72990931183003,1.4587990801853161,0.09888522791540057,0.06778536486521423,1.4587990801853161
0.0054314422035169,0.7352651159653963,0.0415798238285748,2.114180905746538,1.0917685463485014,364.4280821309539,27.14224065758472,335.88854255683395,1.4025413569887315,1.0671301846080077,0.7473560111336679,0.0873718729635468,0.0065073700929236,0.0805294995341246,380.8230731890389,319.493551498749,1.1919585587959198,0.09130258287917485,0.07659878961849655,1.1919585587959178
0.0019012001000083,0.6656086404379967,0.0246002192560607,2.2192927464031684,1.8374658011798348,174.71404391067742,79.64115969225001,129.97844389191218,1.7705479452054795,1.0671232876712329,0.7132750273479389,0.1196671533634776,0.0545487395152397,0.0890263314328165,235.06886955102988,69.62361825155973,3.3762805705054517,0.16100607503495185,0.04768740976134225,3.3762805705054513
0.0014871030919243,0.6224436326374552,0.0217568291792254,0.0937741943703679,1.7730800273078324,58.69917893761827,-11.515047187316927,180.0515188273867,1.560420315236427,1.084063047285464,0.6986718729129783,0.0514003318192804,-0.0100832287104351,0.1576633264688149,181.1345094249403,57.616188340064696,3.1438127832379426,0.15861165448768844,0.050452003800406875,3.1438127832379434
0.0037763563630302,0.7749572375557079,0.0346706152830548,1.7848179510376194,1.3458443880844615,317.2986321046373,30.104890844233065,185.33338216409024,1.38,1.053448275862069,0.7532510882209004,0.1094133214153921,0.0103809968428389,0.0639080628152035,323.8419421556439,178.7900721130836,1.8112971169384389,0.11166963522608402,0.061651749004511605,1.8112971169384369
0.0019064088674056,0.8041413860903326,0.0246338951366537,1.415679281170727,1.1531701782851074,137.46602195870287,-5.234922287915438,104.80752635193647,1.2882513661202186,1.0471311475409837,0.7630282273160837,0.0938975559827205,-0.0035757665901061,0.0715898404043282,138.28462373434294,103.9889245762964,1.3298014600861063,0.09445671020105385,0.07103068618599483,1.329801460086105
0.0006771397616468,0.7706404925700865,0.0146812901497216,0.8109276151816961,1.0684362567463963,43.61094674556212,-2.8692307692307693,43.31769230769232,1.6173076923076923,1.0961538461538465,0.7493786328599962,0.0838672052799271,-0.0055177514792899,0.0833032544378698,46.33729442182439,40.591344631430054,1.1415560347302518,0.08911018158043142,0.07806027813736548,1.141556034730251
0.0027723664472039,0.8441634205435108,0.0297064243602161,3.0700980473980155,1.2355961510821245,138.73318182490078,5.192405266598436,210.8640653429204,1.3348990136214185,1.0295913574448097,0.7783311973394993,0.065163542425975,0.0024388939720988,0.0990437131718742,211.23592811820797,138.36131904961323,1.52669784856896,0.09921837863701632,0.06498887696083289,1.5266978485689586
0.0002552296024668,0.800887093160054,0.0090134402817106,2.1140087871459903,1.994699837535129,25.490108288213243,10.555601832569762,14.381820074968765,1.530612244897959,1.0459183673469388,0.7668640354835528,0.1300515728990471,0.053855111390662,0.0733766330355549,31.863631464210712,8.008296898971293,3.978827441862671,0.16256954828678927,0.04085865764781273,3.9788274418626686
0.0003932619384948,0.7403128209252732,0.0111883494261986,2.1097357374725214,1.910411376474105,38.80908732073154,15.345138371124076,22.32406473400289,1.6986754966887416,1.0894039735099337,0.7514594645720702,0.1285069116580514,0.0508117164606757,0.0739207441523274,47.985309162994014,13.14784289174042,3.649671627361684,0.1588917521953443,0.043535903615034496,3.6496716273616823
0.0001237082256854,0.7498919176766905,0.0062751534832179,0.8356581407866117,1.139025972275285,8.614958448753464,-1.0952908587257622,8.394016620498613,1.5157894736842106,1.1473684210526316,0.704084393912527,0.0906837731447733,-0.0115293774602711,0.088358069689459,9.60533533885529,7.403639730396787,1.2973801655176578,0.10110879304058189,0.07793304979365041,1.2973801655176558
0.0012136428035669,0.7232312760245995,0.019654884956956,1.663295282507996,1.8247786550057128,139.36350250511148,9.02209816905819,42.94146489159866,1.361587982832618,1.082618025751073,0.7581528823136602,0.1495316550484028,0.0096803628423371,0.0460745331454921,140.2004254467867,42.10454194992343,3.329817139764459,0.1504296410373247,0.04517654715657017,3.3298171397644594
